event_id,event_type,entity_type,entity_id,actor_role,actor_id,timestamp,meta_json
AUD-1-APPLY,APPLY,Application,1,Student,1,2025-08-25T05:50:54+05:30,"{""internship_id"": 22}"
AUD-2-APPLY,APPLY,Application,2,Student,1,2025-08-22T03:04:54+05:30,"{""internship_id"": 17}"
AUD-3-APPLY,APPLY,Application,3,Student,2,2025-09-21T15:32:54+05:30,"{""internship_id"": 19}"
AUD-1-OFFER,OFFER,Offer,1,HR,18,2025-09-17T15:54:54+05:30,"{""offer_stipend"": 9000}"
AUD-4-APPLY,APPLY,Application,4,Student,2,2025-09-05T01:16:54+05:30,"{""internship_id"": 10}"
AUD-5-APPLY,APPLY,Application,5,Student,2,2025-08-04T13:09:54+05:30,"{""internship_id"": 31}"
AUD-6-APPLY,APPLY,Application,6,Student,2,2025-09-19T15:39:54+05:30,"{""internship_id"": 13}"
AUD-2-OFFER,OFFER,Offer,2,HR,19,2025-09-18T13:15:54+05:30,"{""offer_stipend"": 17000}"
AUD-7-APPLY,APPLY,Application,7,Student,2,2025-08-25T22:08:54+05:30,"{""internship_id"": 17}"
AUD-8-APPLY,APPLY,Application,8,Student,3,2025-08-08T06:00:54+05:30,"{""internship_id"": 28}"
AUD-9-APPLY,APPLY,Application,9,Student,3,2025-09-05T00:30:54+05:30,"{""internship_id"": 6}"
AUD-10-APPLY,APPLY,Application,10,Student,3,2025-08-15T02:15:54+05:30,"{""internship_id"": 10}"
AUD-11-APPLY,APPLY,Application,11,Student,4,2025-07-16T13:43:54+05:30,"{""internship_id"": 35}"
AUD-12-APPLY,APPLY,Application,12,Student,4,2025-08-23T03:41:54+05:30,"{""internship_id"": 16}"
AUD-3-OFFER,OFFER,Offer,3,HR,11,2025-09-25T03:59:54+05:30,"{""offer_stipend"": 9000}"
AUD-13-APPLY,APPLY,Application,13,Student,5,2025-09-23T13:19:54+05:30,"{""internship_id"": 35}"
AUD-14-APPLY,APPLY,Application,14,Student,5,2025-08-01T17:43:54+05:30,"{""internship_id"": 25}"
AUD-15-APPLY,APPLY,Application,15,Student,5,2025-07-08T14:49:54+05:30,"{""internship_id"": 36}"
AUD-16-APPLY,APPLY,Application,16,Student,5,2025-07-08T00:28:54+05:30,"{""internship_id"": 23}"
AUD-17-APPLY,APPLY,Application,17,Student,6,2025-07-13T15:01:54+05:30,"{""internship_id"": 5}"
AUD-18-APPLY,APPLY,Application,18,Student,6,2025-08-01T09:08:54+05:30,"{""internship_id"": 17}"
AUD-19-APPLY,APPLY,Application,19,Student,6,2025-09-01T07:39:54+05:30,"{""internship_id"": 6}"
AUD-20-APPLY,APPLY,Application,20,Student,7,2025-07-02T15:58:54+05:30,"{""internship_id"": 32}"
AUD-21-APPLY,APPLY,Application,21,Student,7,2025-08-08T12:38:54+05:30,"{""internship_id"": 31}"
AUD-22-APPLY,APPLY,Application,22,Student,7,2025-08-21T01:25:54+05:30,"{""internship_id"": 18}"
AUD-4-OFFER,OFFER,Offer,4,HR,4,2025-09-17T16:53:54+05:30,"{""offer_stipend"": 14000}"
AUD-23-APPLY,APPLY,Application,23,Student,8,2025-09-13T08:24:54+05:30,"{""internship_id"": 32}"
AUD-5-OFFER,OFFER,Offer,5,HR,22,2025-09-12T21:58:54+05:30,"{""offer_stipend"": 6000}"
AUD-24-APPLY,APPLY,Application,24,Student,8,2025-07-26T03:35:54+05:30,"{""internship_id"": 7}"
AUD-25-APPLY,APPLY,Application,25,Student,8,2025-08-01T15:26:54+05:30,"{""internship_id"": 8}"
AUD-26-APPLY,APPLY,Application,26,Student,8,2025-08-20T04:11:54+05:30,"{""internship_id"": 9}"
AUD-27-APPLY,APPLY,Application,27,Student,8,2025-08-17T18:54:54+05:30,"{""internship_id"": 33}"
AUD-28-APPLY,APPLY,Application,28,Student,9,2025-07-27T17:13:54+05:30,"{""internship_id"": 1}"
AUD-29-APPLY,APPLY,Application,29,Student,9,2025-07-26T21:15:54+05:30,"{""internship_id"": 26}"
AUD-30-APPLY,APPLY,Application,30,Student,9,2025-07-07T02:18:54+05:30,"{""internship_id"": 4}"
AUD-31-APPLY,APPLY,Application,31,Student,9,2025-07-08T16:43:54+05:30,"{""internship_id"": 21}"
AUD-32-APPLY,APPLY,Application,32,Student,10,2025-09-08T12:21:54+05:30,"{""internship_id"": 9}"
AUD-6-OFFER,OFFER,Offer,6,HR,11,2025-09-10T16:30:54+05:30,"{""offer_stipend"": 13000}"
AUD-33-APPLY,APPLY,Application,33,Student,10,2025-07-27T07:51:54+05:30,"{""internship_id"": 4}"
AUD-34-APPLY,APPLY,Application,34,Student,10,2025-07-22T23:07:54+05:30,"{""internship_id"": 14}"
AUD-35-APPLY,APPLY,Application,35,Student,11,2025-07-30T21:47:54+05:30,"{""internship_id"": 28}"
AUD-36-APPLY,APPLY,Application,36,Student,11,2025-09-09T21:55:54+05:30,"{""internship_id"": 30}"
AUD-37-APPLY,APPLY,Application,37,Student,11,2025-09-21T18:15:54+05:30,"{""internship_id"": 36}"
AUD-7-OFFER,OFFER,Offer,7,HR,12,2025-09-09T15:26:54+05:30,"{""offer_stipend"": 20000}"
AUD-38-APPLY,APPLY,Application,38,Student,12,2025-09-23T20:19:54+05:30,"{""internship_id"": 27}"
AUD-39-APPLY,APPLY,Application,39,Student,12,2025-07-07T10:29:54+05:30,"{""internship_id"": 36}"
AUD-8-OFFER,OFFER,Offer,8,HR,14,2025-09-19T19:56:54+05:30,"{""offer_stipend"": 20000}"
AUD-1-CERT,CERT_GENERATED,Certificate,1,System,0,2025-09-19T23:46:54+05:30,"{""hash"": ""d4c0c8c4010c23c0""}"
AUD-40-APPLY,APPLY,Application,40,Student,12,2025-07-25T20:40:54+05:30,"{""internship_id"": 5}"
AUD-41-APPLY,APPLY,Application,41,Student,12,2025-08-23T19:59:54+05:30,"{""internship_id"": 30}"
AUD-42-APPLY,APPLY,Application,42,Student,12,2025-08-03T22:03:54+05:30,"{""internship_id"": 13}"
AUD-43-APPLY,APPLY,Application,43,Student,13,2025-08-22T00:05:54+05:30,"{""internship_id"": 2}"
AUD-44-APPLY,APPLY,Application,44,Student,13,2025-09-11T11:31:54+05:30,"{""internship_id"": 5}"
AUD-45-APPLY,APPLY,Application,45,Student,13,2025-07-24T16:10:54+05:30,"{""internship_id"": 30}"
AUD-46-APPLY,APPLY,Application,46,Student,14,2025-08-09T17:54:54+05:30,"{""internship_id"": 26}"
AUD-9-OFFER,OFFER,Offer,9,HR,17,2025-09-28T15:43:54+05:30,"{""offer_stipend"": 9000}"
AUD-47-APPLY,APPLY,Application,47,Student,14,2025-09-23T07:02:54+05:30,"{""internship_id"": 9}"
AUD-48-APPLY,APPLY,Application,48,Student,14,2025-08-28T17:29:54+05:30,"{""internship_id"": 11}"
AUD-49-APPLY,APPLY,Application,49,Student,14,2025-08-13T04:20:54+05:30,"{""internship_id"": 14}"
AUD-50-APPLY,APPLY,Application,50,Student,14,2025-07-10T21:26:54+05:30,"{""internship_id"": 23}"
AUD-51-APPLY,APPLY,Application,51,Student,15,2025-09-12T05:53:54+05:30,"{""internship_id"": 37}"
AUD-52-APPLY,APPLY,Application,52,Student,15,2025-08-08T11:40:54+05:30,"{""internship_id"": 7}"
AUD-53-APPLY,APPLY,Application,53,Student,15,2025-09-16T06:45:54+05:30,"{""internship_id"": 10}"
AUD-54-APPLY,APPLY,Application,54,Student,16,2025-09-03T22:18:54+05:30,"{""internship_id"": 1}"
AUD-55-APPLY,APPLY,Application,55,Student,16,2025-07-02T11:27:54+05:30,"{""internship_id"": 31}"
AUD-56-APPLY,APPLY,Application,56,Student,16,2025-09-01T13:33:54+05:30,"{""internship_id"": 4}"
AUD-57-APPLY,APPLY,Application,57,Student,16,2025-07-05T13:18:54+05:30,"{""internship_id"": 17}"
AUD-10-OFFER,OFFER,Offer,10,HR,17,2025-09-21T21:49:54+05:30,"{""offer_stipend"": 20000}"
AUD-58-APPLY,APPLY,Application,58,Student,17,2025-07-03T21:22:54+05:30,"{""internship_id"": 35}"
AUD-59-APPLY,APPLY,Application,59,Student,17,2025-07-15T05:25:54+05:30,"{""internship_id"": 9}"
AUD-11-OFFER,OFFER,Offer,11,HR,12,2025-09-13T01:19:54+05:30,"{""offer_stipend"": 13000}"
AUD-60-APPLY,APPLY,Application,60,Student,18,2025-09-09T23:39:54+05:30,"{""internship_id"": 12}"
AUD-61-APPLY,APPLY,Application,61,Student,18,2025-07-06T15:52:54+05:30,"{""internship_id"": 28}"
AUD-62-APPLY,APPLY,Application,62,Student,18,2025-09-09T07:23:54+05:30,"{""internship_id"": 16}"
AUD-63-APPLY,APPLY,Application,63,Student,19,2025-08-31T06:03:54+05:30,"{""internship_id"": 2}"
AUD-12-OFFER,OFFER,Offer,12,HR,4,2025-09-20T16:46:54+05:30,"{""offer_stipend"": 13000}"
AUD-64-APPLY,APPLY,Application,64,Student,19,2025-07-12T08:46:54+05:30,"{""internship_id"": 14}"
AUD-65-APPLY,APPLY,Application,65,Student,19,2025-07-22T15:50:54+05:30,"{""internship_id"": 21}"
AUD-66-APPLY,APPLY,Application,66,Student,19,2025-07-11T19:26:54+05:30,"{""internship_id"": 8}"
AUD-67-APPLY,APPLY,Application,67,Student,19,2025-07-21T21:47:54+05:30,"{""internship_id"": 11}"
AUD-68-APPLY,APPLY,Application,68,Student,20,2025-07-14T04:43:54+05:30,"{""internship_id"": 8}"
AUD-69-APPLY,APPLY,Application,69,Student,20,2025-07-03T03:53:54+05:30,"{""internship_id"": 27}"
AUD-70-APPLY,APPLY,Application,70,Student,21,2025-08-23T01:08:54+05:30,"{""internship_id"": 25}"
AUD-71-APPLY,APPLY,Application,71,Student,21,2025-08-06T12:10:54+05:30,"{""internship_id"": 15}"
AUD-72-APPLY,APPLY,Application,72,Student,21,2025-09-10T10:36:54+05:30,"{""internship_id"": 22}"
AUD-73-APPLY,APPLY,Application,73,Student,21,2025-07-30T18:02:54+05:30,"{""internship_id"": 27}"
AUD-74-APPLY,APPLY,Application,74,Student,21,2025-08-13T14:16:54+05:30,"{""internship_id"": 17}"
AUD-13-OFFER,OFFER,Offer,13,HR,1,2025-09-12T22:33:54+05:30,"{""offer_stipend"": 22000}"
AUD-2-CERT,CERT_GENERATED,Certificate,2,System,0,2025-09-24T15:44:54+05:30,"{""hash"": ""5b90caa7875a7d97""}"
AUD-75-APPLY,APPLY,Application,75,Student,22,2025-08-20T17:58:54+05:30,"{""internship_id"": 36}"
AUD-76-APPLY,APPLY,Application,76,Student,22,2025-07-12T19:47:54+05:30,"{""internship_id"": 1}"
AUD-77-APPLY,APPLY,Application,77,Student,22,2025-08-21T20:50:54+05:30,"{""internship_id"": 10}"
AUD-14-OFFER,OFFER,Offer,14,HR,12,2025-09-18T11:41:54+05:30,"{""offer_stipend"": 10000}"
AUD-78-APPLY,APPLY,Application,78,Student,22,2025-07-12T05:02:54+05:30,"{""internship_id"": 15}"
AUD-79-APPLY,APPLY,Application,79,Student,22,2025-08-03T19:32:54+05:30,"{""internship_id"": 4}"
AUD-80-APPLY,APPLY,Application,80,Student,23,2025-07-10T18:14:54+05:30,"{""internship_id"": 36}"
AUD-81-APPLY,APPLY,Application,81,Student,23,2025-09-24T06:30:54+05:30,"{""internship_id"": 2}"
AUD-82-APPLY,APPLY,Application,82,Student,23,2025-09-06T11:41:54+05:30,"{""internship_id"": 9}"
AUD-83-APPLY,APPLY,Application,83,Student,23,2025-07-13T21:25:54+05:30,"{""internship_id"": 10}"
AUD-84-APPLY,APPLY,Application,84,Student,23,2025-08-27T10:35:54+05:30,"{""internship_id"": 11}"
AUD-15-OFFER,OFFER,Offer,15,HR,18,2025-09-16T18:58:54+05:30,"{""offer_stipend"": 5000}"
AUD-85-APPLY,APPLY,Application,85,Student,24,2025-08-25T16:23:54+05:30,"{""internship_id"": 25}"
AUD-86-APPLY,APPLY,Application,86,Student,24,2025-07-26T04:13:54+05:30,"{""internship_id"": 20}"
AUD-87-APPLY,APPLY,Application,87,Student,24,2025-08-25T06:15:54+05:30,"{""internship_id"": 34}"
AUD-88-APPLY,APPLY,Application,88,Student,24,2025-07-15T10:39:54+05:30,"{""internship_id"": 37}"
AUD-89-APPLY,APPLY,Application,89,Student,25,2025-08-01T15:17:54+05:30,"{""internship_id"": 7}"
AUD-90-APPLY,APPLY,Application,90,Student,25,2025-08-04T22:55:54+05:30,"{""internship_id"": 5}"
AUD-91-APPLY,APPLY,Application,91,Student,26,2025-09-09T01:34:54+05:30,"{""internship_id"": 32}"
AUD-92-APPLY,APPLY,Application,92,Student,26,2025-08-09T14:00:54+05:30,"{""internship_id"": 22}"
AUD-93-APPLY,APPLY,Application,93,Student,27,2025-07-21T23:19:54+05:30,"{""internship_id"": 3}"
AUD-94-APPLY,APPLY,Application,94,Student,27,2025-09-19T02:56:54+05:30,"{""internship_id"": 35}"
AUD-95-APPLY,APPLY,Application,95,Student,27,2025-07-31T17:51:54+05:30,"{""internship_id"": 4}"
AUD-96-APPLY,APPLY,Application,96,Student,27,2025-08-15T23:16:54+05:30,"{""internship_id"": 33}"
AUD-97-APPLY,APPLY,Application,97,Student,28,2025-07-15T17:50:54+05:30,"{""internship_id"": 14}"
AUD-98-APPLY,APPLY,Application,98,Student,28,2025-07-04T02:44:54+05:30,"{""internship_id"": 37}"
AUD-99-APPLY,APPLY,Application,99,Student,28,2025-09-15T22:24:54+05:30,"{""internship_id"": 26}"
AUD-100-APPLY,APPLY,Application,100,Student,29,2025-07-03T12:22:54+05:30,"{""internship_id"": 20}"
AUD-16-OFFER,OFFER,Offer,16,HR,1,2025-09-27T19:27:54+05:30,"{""offer_stipend"": 7000}"
AUD-3-CERT,CERT_GENERATED,Certificate,3,System,0,2025-09-22T10:14:54+05:30,"{""hash"": ""6f43d0d0e5c48d5b""}"
AUD-101-APPLY,APPLY,Application,101,Student,29,2025-07-12T00:16:54+05:30,"{""internship_id"": 10}"
AUD-102-APPLY,APPLY,Application,102,Student,29,2025-09-15T15:15:54+05:30,"{""internship_id"": 31}"
AUD-103-APPLY,APPLY,Application,103,Student,29,2025-09-14T21:32:54+05:30,"{""internship_id"": 27}"
AUD-104-APPLY,APPLY,Application,104,Student,30,2025-07-28T12:41:54+05:30,"{""internship_id"": 24}"
AUD-17-OFFER,OFFER,Offer,17,HR,2,2025-09-27T03:58:54+05:30,"{""offer_stipend"": 15000}"
AUD-105-APPLY,APPLY,Application,105,Student,30,2025-07-07T10:11:54+05:30,"{""internship_id"": 27}"
AUD-106-APPLY,APPLY,Application,106,Student,31,2025-07-24T14:28:54+05:30,"{""internship_id"": 8}"
AUD-107-APPLY,APPLY,Application,107,Student,31,2025-09-16T04:38:54+05:30,"{""internship_id"": 23}"
AUD-108-APPLY,APPLY,Application,108,Student,31,2025-07-21T09:03:54+05:30,"{""internship_id"": 6}"
AUD-109-APPLY,APPLY,Application,109,Student,31,2025-07-31T18:25:54+05:30,"{""internship_id"": 12}"
AUD-110-APPLY,APPLY,Application,110,Student,32,2025-09-11T17:50:54+05:30,"{""internship_id"": 27}"
AUD-18-OFFER,OFFER,Offer,18,HR,14,2025-09-11T18:39:54+05:30,"{""offer_stipend"": 9000}"
AUD-111-APPLY,APPLY,Application,111,Student,32,2025-08-15T17:01:54+05:30,"{""internship_id"": 16}"
AUD-112-APPLY,APPLY,Application,112,Student,32,2025-07-29T20:29:54+05:30,"{""internship_id"": 18}"
AUD-113-APPLY,APPLY,Application,113,Student,32,2025-08-13T23:43:54+05:30,"{""internship_id"": 17}"
AUD-19-OFFER,OFFER,Offer,19,HR,13,2025-09-22T12:15:54+05:30,"{""offer_stipend"": 21000}"
AUD-114-APPLY,APPLY,Application,114,Student,32,2025-09-11T18:39:54+05:30,"{""internship_id"": 31}"
AUD-115-APPLY,APPLY,Application,115,Student,33,2025-07-25T14:00:54+05:30,"{""internship_id"": 8}"
AUD-116-APPLY,APPLY,Application,116,Student,33,2025-09-23T08:20:54+05:30,"{""internship_id"": 22}"
AUD-117-APPLY,APPLY,Application,117,Student,33,2025-09-09T07:19:54+05:30,"{""internship_id"": 1}"
AUD-118-APPLY,APPLY,Application,118,Student,33,2025-09-09T09:14:54+05:30,"{""internship_id"": 24}"
AUD-20-OFFER,OFFER,Offer,20,HR,22,2025-09-27T03:54:54+05:30,"{""offer_stipend"": 17000}"
AUD-4-CERT,CERT_GENERATED,Certificate,4,System,0,2025-09-20T23:04:54+05:30,"{""hash"": ""773df7437ac0eacc""}"
AUD-119-APPLY,APPLY,Application,119,Student,34,2025-08-28T01:54:54+05:30,"{""internship_id"": 34}"
AUD-120-APPLY,APPLY,Application,120,Student,34,2025-09-11T08:13:54+05:30,"{""internship_id"": 19}"
AUD-121-APPLY,APPLY,Application,121,Student,34,2025-09-17T00:37:54+05:30,"{""internship_id"": 28}"
AUD-122-APPLY,APPLY,Application,122,Student,35,2025-07-21T15:04:54+05:30,"{""internship_id"": 37}"
AUD-123-APPLY,APPLY,Application,123,Student,35,2025-08-15T23:08:54+05:30,"{""internship_id"": 36}"
AUD-124-APPLY,APPLY,Application,124,Student,35,2025-09-24T01:17:54+05:30,"{""internship_id"": 25}"
AUD-125-APPLY,APPLY,Application,125,Student,35,2025-08-30T09:14:54+05:30,"{""internship_id"": 32}"
AUD-126-APPLY,APPLY,Application,126,Student,35,2025-08-10T19:52:54+05:30,"{""internship_id"": 8}"
AUD-127-APPLY,APPLY,Application,127,Student,36,2025-08-25T06:00:54+05:30,"{""internship_id"": 26}"
AUD-128-APPLY,APPLY,Application,128,Student,36,2025-09-09T02:57:54+05:30,"{""internship_id"": 37}"
AUD-129-APPLY,APPLY,Application,129,Student,36,2025-09-22T17:26:54+05:30,"{""internship_id"": 36}"
AUD-130-APPLY,APPLY,Application,130,Student,36,2025-09-17T12:35:54+05:30,"{""internship_id"": 27}"
AUD-131-APPLY,APPLY,Application,131,Student,37,2025-08-17T19:00:54+05:30,"{""internship_id"": 28}"
AUD-132-APPLY,APPLY,Application,132,Student,37,2025-07-27T04:39:54+05:30,"{""internship_id"": 21}"
AUD-133-APPLY,APPLY,Application,133,Student,37,2025-09-24T10:45:54+05:30,"{""internship_id"": 11}"
AUD-21-OFFER,OFFER,Offer,21,HR,14,2025-09-22T21:36:54+05:30,"{""offer_stipend"": 5000}"
AUD-134-APPLY,APPLY,Application,134,Student,37,2025-07-20T06:37:54+05:30,"{""internship_id"": 33}"
AUD-135-APPLY,APPLY,Application,135,Student,37,2025-09-22T09:11:54+05:30,"{""internship_id"": 14}"
AUD-136-APPLY,APPLY,Application,136,Student,38,2025-09-14T12:41:54+05:30,"{""internship_id"": 13}"
AUD-137-APPLY,APPLY,Application,137,Student,38,2025-09-09T09:35:54+05:30,"{""internship_id"": 17}"
AUD-138-APPLY,APPLY,Application,138,Student,38,2025-08-12T18:49:54+05:30,"{""internship_id"": 18}"
AUD-22-OFFER,OFFER,Offer,22,HR,15,2025-09-24T02:23:54+05:30,"{""offer_stipend"": 12000}"
AUD-139-APPLY,APPLY,Application,139,Student,38,2025-07-05T11:33:54+05:30,"{""internship_id"": 5}"
AUD-140-APPLY,APPLY,Application,140,Student,39,2025-08-19T18:32:54+05:30,"{""internship_id"": 13}"
AUD-141-APPLY,APPLY,Application,141,Student,39,2025-08-04T09:32:54+05:30,"{""internship_id"": 37}"
AUD-142-APPLY,APPLY,Application,142,Student,40,2025-08-20T13:47:54+05:30,"{""internship_id"": 37}"
AUD-143-APPLY,APPLY,Application,143,Student,40,2025-08-27T15:37:54+05:30,"{""internship_id"": 36}"
AUD-144-APPLY,APPLY,Application,144,Student,41,2025-08-19T06:01:54+05:30,"{""internship_id"": 24}"
AUD-145-APPLY,APPLY,Application,145,Student,41,2025-07-21T06:05:54+05:30,"{""internship_id"": 18}"
AUD-23-OFFER,OFFER,Offer,23,HR,7,2025-09-24T23:22:54+05:30,"{""offer_stipend"": 14000}"
AUD-146-APPLY,APPLY,Application,146,Student,41,2025-08-27T13:46:54+05:30,"{""internship_id"": 35}"
AUD-147-APPLY,APPLY,Application,147,Student,42,2025-07-06T21:47:54+05:30,"{""internship_id"": 4}"
AUD-148-APPLY,APPLY,Application,148,Student,42,2025-08-25T01:27:54+05:30,"{""internship_id"": 9}"
AUD-149-APPLY,APPLY,Application,149,Student,42,2025-08-08T14:55:54+05:30,"{""internship_id"": 15}"
AUD-150-APPLY,APPLY,Application,150,Student,42,2025-07-07T00:56:54+05:30,"{""internship_id"": 10}"
AUD-151-APPLY,APPLY,Application,151,Student,43,2025-07-16T01:08:54+05:30,"{""internship_id"": 30}"
AUD-152-APPLY,APPLY,Application,152,Student,43,2025-08-24T04:50:54+05:30,"{""internship_id"": 10}"
AUD-153-APPLY,APPLY,Application,153,Student,43,2025-08-01T19:05:54+05:30,"{""internship_id"": 32}"
AUD-154-APPLY,APPLY,Application,154,Student,43,2025-09-07T17:54:54+05:30,"{""internship_id"": 17}"
AUD-155-APPLY,APPLY,Application,155,Student,43,2025-09-16T07:17:54+05:30,"{""internship_id"": 27}"
AUD-156-APPLY,APPLY,Application,156,Student,44,2025-08-31T10:17:54+05:30,"{""internship_id"": 37}"
AUD-157-APPLY,APPLY,Application,157,Student,44,2025-09-08T08:27:54+05:30,"{""internship_id"": 9}"
AUD-158-APPLY,APPLY,Application,158,Student,45,2025-07-18T10:13:54+05:30,"{""internship_id"": 34}"
AUD-159-APPLY,APPLY,Application,159,Student,45,2025-07-06T16:07:54+05:30,"{""internship_id"": 33}"
AUD-160-APPLY,APPLY,Application,160,Student,45,2025-07-01T23:12:54+05:30,"{""internship_id"": 13}"
AUD-161-APPLY,APPLY,Application,161,Student,46,2025-08-09T14:37:54+05:30,"{""internship_id"": 5}"
AUD-24-OFFER,OFFER,Offer,24,HR,6,2025-09-23T02:17:54+05:30,"{""offer_stipend"": 5000}"
AUD-162-APPLY,APPLY,Application,162,Student,46,2025-09-20T11:38:54+05:30,"{""internship_id"": 18}"
AUD-163-APPLY,APPLY,Application,163,Student,46,2025-07-13T16:43:54+05:30,"{""internship_id"": 24}"
AUD-164-APPLY,APPLY,Application,164,Student,46,2025-08-09T04:58:54+05:30,"{""internship_id"": 30}"
AUD-165-APPLY,APPLY,Application,165,Student,46,2025-07-06T21:25:54+05:30,"{""internship_id"": 15}"
AUD-166-APPLY,APPLY,Application,166,Student,47,2025-07-14T05:50:54+05:30,"{""internship_id"": 33}"
AUD-167-APPLY,APPLY,Application,167,Student,47,2025-09-01T04:16:54+05:30,"{""internship_id"": 31}"
AUD-168-APPLY,APPLY,Application,168,Student,47,2025-07-29T05:41:54+05:30,"{""internship_id"": 27}"
AUD-25-OFFER,OFFER,Offer,25,HR,8,2025-09-15T14:24:54+05:30,"{""offer_stipend"": 8000}"
AUD-169-APPLY,APPLY,Application,169,Student,47,2025-08-25T21:37:54+05:30,"{""internship_id"": 4}"
AUD-170-APPLY,APPLY,Application,170,Student,47,2025-07-21T01:05:54+05:30,"{""internship_id"": 20}"
AUD-171-APPLY,APPLY,Application,171,Student,48,2025-08-08T18:17:54+05:30,"{""internship_id"": 14}"
AUD-172-APPLY,APPLY,Application,172,Student,48,2025-07-31T09:20:54+05:30,"{""internship_id"": 10}"
AUD-173-APPLY,APPLY,Application,173,Student,49,2025-08-18T23:00:54+05:30,"{""internship_id"": 12}"
AUD-174-APPLY,APPLY,Application,174,Student,49,2025-07-13T17:46:54+05:30,"{""internship_id"": 19}"
AUD-175-APPLY,APPLY,Application,175,Student,49,2025-07-13T14:45:54+05:30,"{""internship_id"": 36}"
AUD-176-APPLY,APPLY,Application,176,Student,49,2025-09-24T15:06:54+05:30,"{""internship_id"": 20}"
AUD-177-APPLY,APPLY,Application,177,Student,50,2025-09-21T04:15:54+05:30,"{""internship_id"": 34}"
AUD-178-APPLY,APPLY,Application,178,Student,50,2025-08-29T20:35:54+05:30,"{""internship_id"": 14}"
AUD-179-APPLY,APPLY,Application,179,Student,51,2025-08-16T14:13:54+05:30,"{""internship_id"": 8}"
AUD-180-APPLY,APPLY,Application,180,Student,51,2025-09-11T12:35:54+05:30,"{""internship_id"": 26}"
AUD-181-APPLY,APPLY,Application,181,Student,51,2025-07-30T20:25:54+05:30,"{""internship_id"": 37}"
AUD-182-APPLY,APPLY,Application,182,Student,52,2025-09-11T19:43:54+05:30,"{""internship_id"": 2}"
AUD-183-APPLY,APPLY,Application,183,Student,52,2025-08-26T09:50:54+05:30,"{""internship_id"": 14}"
AUD-26-OFFER,OFFER,Offer,26,HR,22,2025-09-16T00:08:54+05:30,"{""offer_stipend"": 10000}"
AUD-184-APPLY,APPLY,Application,184,Student,53,2025-07-06T23:06:54+05:30,"{""internship_id"": 29}"
AUD-185-APPLY,APPLY,Application,185,Student,53,2025-07-17T12:55:54+05:30,"{""internship_id"": 12}"
AUD-186-APPLY,APPLY,Application,186,Student,53,2025-08-19T03:48:54+05:30,"{""internship_id"": 26}"
AUD-187-APPLY,APPLY,Application,187,Student,54,2025-09-05T08:05:54+05:30,"{""internship_id"": 3}"
AUD-188-APPLY,APPLY,Application,188,Student,54,2025-07-08T05:26:54+05:30,"{""internship_id"": 26}"
AUD-189-APPLY,APPLY,Application,189,Student,54,2025-08-23T12:46:54+05:30,"{""internship_id"": 8}"
AUD-190-APPLY,APPLY,Application,190,Student,55,2025-08-28T22:30:54+05:30,"{""internship_id"": 16}"
AUD-191-APPLY,APPLY,Application,191,Student,55,2025-08-10T12:47:54+05:30,"{""internship_id"": 28}"
AUD-192-APPLY,APPLY,Application,192,Student,55,2025-09-21T23:34:54+05:30,"{""internship_id"": 8}"
AUD-27-OFFER,OFFER,Offer,27,HR,20,2025-09-23T21:52:54+05:30,"{""offer_stipend"": 17000}"
AUD-5-CERT,CERT_GENERATED,Certificate,5,System,0,2025-09-19T17:39:54+05:30,"{""hash"": ""703e460b41ce3f18""}"
AUD-193-APPLY,APPLY,Application,193,Student,56,2025-09-17T11:02:54+05:30,"{""internship_id"": 11}"
AUD-194-APPLY,APPLY,Application,194,Student,56,2025-07-03T16:56:54+05:30,"{""internship_id"": 3}"
AUD-195-APPLY,APPLY,Application,195,Student,56,2025-08-11T19:23:54+05:30,"{""internship_id"": 36}"
AUD-196-APPLY,APPLY,Application,196,Student,56,2025-08-22T23:19:54+05:30,"{""internship_id"": 13}"
AUD-28-OFFER,OFFER,Offer,28,HR,3,2025-09-26T17:49:54+05:30,"{""offer_stipend"": 16000}"
AUD-6-CERT,CERT_GENERATED,Certificate,6,System,0,2025-09-23T18:12:54+05:30,"{""hash"": ""8d0184c3962b18bb""}"
AUD-197-APPLY,APPLY,Application,197,Student,56,2025-07-09T20:32:54+05:30,"{""internship_id"": 20}"
AUD-198-APPLY,APPLY,Application,198,Student,57,2025-08-12T16:13:54+05:30,"{""internship_id"": 27}"
AUD-29-OFFER,OFFER,Offer,29,HR,5,2025-09-20T11:16:54+05:30,"{""offer_stipend"": 8000}"
AUD-199-APPLY,APPLY,Application,199,Student,57,2025-09-19T04:44:54+05:30,"{""internship_id"": 34}"
AUD-200-APPLY,APPLY,Application,200,Student,57,2025-07-23T17:40:54+05:30,"{""internship_id"": 25}"
AUD-30-OFFER,OFFER,Offer,30,HR,15,2025-09-12T20:04:54+05:30,"{""offer_stipend"": 7000}"
AUD-201-APPLY,APPLY,Application,201,Student,57,2025-09-23T08:50:54+05:30,"{""internship_id"": 3}"
AUD-202-APPLY,APPLY,Application,202,Student,57,2025-08-13T16:15:54+05:30,"{""internship_id"": 18}"
AUD-203-APPLY,APPLY,Application,203,Student,58,2025-08-29T10:33:54+05:30,"{""internship_id"": 9}"
AUD-204-APPLY,APPLY,Application,204,Student,58,2025-08-29T03:37:54+05:30,"{""internship_id"": 25}"
AUD-205-APPLY,APPLY,Application,205,Student,58,2025-07-22T07:27:54+05:30,"{""internship_id"": 27}"
AUD-31-OFFER,OFFER,Offer,31,HR,11,2025-09-23T01:59:54+05:30,"{""offer_stipend"": 8000}"
AUD-7-CERT,CERT_GENERATED,Certificate,7,System,0,2025-09-27T03:19:54+05:30,"{""hash"": ""133b61418845d36a""}"
AUD-206-APPLY,APPLY,Application,206,Student,58,2025-08-18T12:32:54+05:30,"{""internship_id"": 14}"
AUD-207-APPLY,APPLY,Application,207,Student,58,2025-08-25T16:49:54+05:30,"{""internship_id"": 21}"
AUD-208-APPLY,APPLY,Application,208,Student,59,2025-07-24T08:18:54+05:30,"{""internship_id"": 27}"
AUD-209-APPLY,APPLY,Application,209,Student,59,2025-07-28T13:24:54+05:30,"{""internship_id"": 16}"
AUD-32-OFFER,OFFER,Offer,32,HR,13,2025-09-19T08:55:54+05:30,"{""offer_stipend"": 7000}"
AUD-210-APPLY,APPLY,Application,210,Student,59,2025-07-18T03:58:54+05:30,"{""internship_id"": 37}"
AUD-211-APPLY,APPLY,Application,211,Student,59,2025-08-27T02:58:54+05:30,"{""internship_id"": 14}"
AUD-212-APPLY,APPLY,Application,212,Student,60,2025-09-03T04:22:54+05:30,"{""internship_id"": 32}"
AUD-213-APPLY,APPLY,Application,213,Student,60,2025-07-30T11:53:54+05:30,"{""internship_id"": 17}"
AUD-214-APPLY,APPLY,Application,214,Student,60,2025-08-28T00:57:54+05:30,"{""internship_id"": 22}"
AUD-215-APPLY,APPLY,Application,215,Student,61,2025-08-31T07:14:54+05:30,"{""internship_id"": 5}"
AUD-33-OFFER,OFFER,Offer,33,HR,16,2025-09-22T04:26:54+05:30,"{""offer_stipend"": 7000}"
AUD-216-APPLY,APPLY,Application,216,Student,61,2025-07-16T23:41:54+05:30,"{""internship_id"": 12}"
AUD-217-APPLY,APPLY,Application,217,Student,61,2025-07-17T06:14:54+05:30,"{""internship_id"": 16}"
AUD-218-APPLY,APPLY,Application,218,Student,61,2025-07-29T10:49:54+05:30,"{""internship_id"": 3}"
AUD-219-APPLY,APPLY,Application,219,Student,61,2025-08-22T09:20:54+05:30,"{""internship_id"": 32}"
AUD-220-APPLY,APPLY,Application,220,Student,62,2025-07-19T11:33:54+05:30,"{""internship_id"": 11}"
AUD-221-APPLY,APPLY,Application,221,Student,62,2025-09-22T22:51:54+05:30,"{""internship_id"": 24}"
AUD-222-APPLY,APPLY,Application,222,Student,63,2025-07-03T17:16:54+05:30,"{""internship_id"": 29}"
AUD-223-APPLY,APPLY,Application,223,Student,63,2025-07-23T23:55:54+05:30,"{""internship_id"": 31}"
AUD-224-APPLY,APPLY,Application,224,Student,64,2025-07-11T21:00:54+05:30,"{""internship_id"": 10}"
AUD-225-APPLY,APPLY,Application,225,Student,64,2025-08-28T06:43:54+05:30,"{""internship_id"": 16}"
AUD-226-APPLY,APPLY,Application,226,Student,65,2025-08-02T23:02:54+05:30,"{""internship_id"": 22}"
AUD-227-APPLY,APPLY,Application,227,Student,65,2025-09-16T23:09:54+05:30,"{""internship_id"": 10}"
AUD-228-APPLY,APPLY,Application,228,Student,66,2025-07-27T22:24:54+05:30,"{""internship_id"": 11}"
AUD-229-APPLY,APPLY,Application,229,Student,66,2025-07-09T05:27:54+05:30,"{""internship_id"": 24}"
AUD-230-APPLY,APPLY,Application,230,Student,66,2025-09-04T03:46:54+05:30,"{""internship_id"": 30}"
AUD-231-APPLY,APPLY,Application,231,Student,67,2025-08-07T15:26:54+05:30,"{""internship_id"": 34}"
AUD-34-OFFER,OFFER,Offer,34,HR,13,2025-09-24T06:17:54+05:30,"{""offer_stipend"": 9000}"
AUD-232-APPLY,APPLY,Application,232,Student,67,2025-07-18T20:17:54+05:30,"{""internship_id"": 17}"
AUD-233-APPLY,APPLY,Application,233,Student,67,2025-08-19T14:40:54+05:30,"{""internship_id"": 5}"
AUD-234-APPLY,APPLY,Application,234,Student,67,2025-09-15T16:10:54+05:30,"{""internship_id"": 1}"
AUD-235-APPLY,APPLY,Application,235,Student,68,2025-08-10T01:03:54+05:30,"{""internship_id"": 9}"
AUD-236-APPLY,APPLY,Application,236,Student,68,2025-09-18T08:27:54+05:30,"{""internship_id"": 5}"
AUD-237-APPLY,APPLY,Application,237,Student,69,2025-08-28T00:45:54+05:30,"{""internship_id"": 30}"
AUD-238-APPLY,APPLY,Application,238,Student,69,2025-07-17T00:31:54+05:30,"{""internship_id"": 36}"
AUD-239-APPLY,APPLY,Application,239,Student,69,2025-09-14T13:05:54+05:30,"{""internship_id"": 33}"
AUD-240-APPLY,APPLY,Application,240,Student,70,2025-07-20T15:11:54+05:30,"{""internship_id"": 17}"
AUD-241-APPLY,APPLY,Application,241,Student,70,2025-08-04T21:35:54+05:30,"{""internship_id"": 4}"
AUD-35-OFFER,OFFER,Offer,35,HR,13,2025-09-11T19:25:54+05:30,"{""offer_stipend"": 16000}"
AUD-242-APPLY,APPLY,Application,242,Student,70,2025-08-11T04:29:54+05:30,"{""internship_id"": 20}"
AUD-243-APPLY,APPLY,Application,243,Student,70,2025-09-22T06:46:54+05:30,"{""internship_id"": 35}"
AUD-244-APPLY,APPLY,Application,244,Student,71,2025-09-04T23:52:54+05:30,"{""internship_id"": 4}"
AUD-245-APPLY,APPLY,Application,245,Student,71,2025-09-08T02:32:54+05:30,"{""internship_id"": 11}"
AUD-246-APPLY,APPLY,Application,246,Student,72,2025-07-01T21:28:54+05:30,"{""internship_id"": 37}"
AUD-247-APPLY,APPLY,Application,247,Student,72,2025-08-04T13:59:54+05:30,"{""internship_id"": 19}"
AUD-36-OFFER,OFFER,Offer,36,HR,22,2025-09-10T07:00:54+05:30,"{""offer_stipend"": 9000}"
AUD-8-CERT,CERT_GENERATED,Certificate,8,System,0,2025-09-22T23:34:54+05:30,"{""hash"": ""a819b7800669208e""}"
AUD-248-APPLY,APPLY,Application,248,Student,72,2025-07-23T07:43:54+05:30,"{""internship_id"": 16}"
AUD-37-OFFER,OFFER,Offer,37,HR,4,2025-09-26T09:30:54+05:30,"{""offer_stipend"": 7000}"
AUD-249-APPLY,APPLY,Application,249,Student,72,2025-07-14T03:08:54+05:30,"{""internship_id"": 25}"
AUD-250-APPLY,APPLY,Application,250,Student,73,2025-07-15T06:41:54+05:30,"{""internship_id"": 11}"
AUD-251-APPLY,APPLY,Application,251,Student,73,2025-09-02T23:22:54+05:30,"{""internship_id"": 18}"
AUD-252-APPLY,APPLY,Application,252,Student,73,2025-07-02T14:45:54+05:30,"{""internship_id"": 35}"
AUD-253-APPLY,APPLY,Application,253,Student,73,2025-09-14T00:34:54+05:30,"{""internship_id"": 34}"
AUD-38-OFFER,OFFER,Offer,38,HR,19,2025-09-18T08:59:54+05:30,"{""offer_stipend"": 9000}"
AUD-9-CERT,CERT_GENERATED,Certificate,9,System,0,2025-09-19T12:34:54+05:30,"{""hash"": ""d68accb3df1a9b7f""}"
AUD-254-APPLY,APPLY,Application,254,Student,74,2025-08-02T12:46:54+05:30,"{""internship_id"": 33}"
AUD-255-APPLY,APPLY,Application,255,Student,74,2025-08-23T16:52:54+05:30,"{""internship_id"": 6}"
AUD-39-OFFER,OFFER,Offer,39,HR,6,2025-09-16T03:33:54+05:30,"{""offer_stipend"": 22000}"
AUD-256-APPLY,APPLY,Application,256,Student,74,2025-07-01T15:37:54+05:30,"{""internship_id"": 29}"
AUD-257-APPLY,APPLY,Application,257,Student,74,2025-07-27T00:48:54+05:30,"{""internship_id"": 13}"
AUD-258-APPLY,APPLY,Application,258,Student,74,2025-07-29T20:51:54+05:30,"{""internship_id"": 23}"
AUD-259-APPLY,APPLY,Application,259,Student,75,2025-08-11T12:18:54+05:30,"{""internship_id"": 3}"
AUD-260-APPLY,APPLY,Application,260,Student,75,2025-09-07T18:25:54+05:30,"{""internship_id"": 5}"
AUD-40-OFFER,OFFER,Offer,40,HR,8,2025-09-11T16:30:54+05:30,"{""offer_stipend"": 7000}"
AUD-261-APPLY,APPLY,Application,261,Student,76,2025-09-05T06:49:54+05:30,"{""internship_id"": 16}"
AUD-262-APPLY,APPLY,Application,262,Student,76,2025-08-02T16:49:54+05:30,"{""internship_id"": 5}"
AUD-263-APPLY,APPLY,Application,263,Student,76,2025-08-22T19:19:54+05:30,"{""internship_id"": 11}"
AUD-264-APPLY,APPLY,Application,264,Student,77,2025-08-08T00:25:54+05:30,"{""internship_id"": 21}"
AUD-265-APPLY,APPLY,Application,265,Student,77,2025-07-26T22:37:54+05:30,"{""internship_id"": 19}"
AUD-266-APPLY,APPLY,Application,266,Student,78,2025-09-10T18:01:54+05:30,"{""internship_id"": 2}"
AUD-267-APPLY,APPLY,Application,267,Student,78,2025-08-28T13:26:54+05:30,"{""internship_id"": 13}"
AUD-268-APPLY,APPLY,Application,268,Student,78,2025-08-14T19:11:54+05:30,"{""internship_id"": 20}"
AUD-269-APPLY,APPLY,Application,269,Student,79,2025-08-09T21:20:54+05:30,"{""internship_id"": 25}"
AUD-270-APPLY,APPLY,Application,270,Student,79,2025-07-20T18:28:54+05:30,"{""internship_id"": 31}"
AUD-271-APPLY,APPLY,Application,271,Student,80,2025-08-23T01:54:54+05:30,"{""internship_id"": 31}"
AUD-272-APPLY,APPLY,Application,272,Student,80,2025-07-15T20:37:54+05:30,"{""internship_id"": 33}"
AUD-273-APPLY,APPLY,Application,273,Student,80,2025-09-03T21:33:54+05:30,"{""internship_id"": 16}"
AUD-274-APPLY,APPLY,Application,274,Student,80,2025-08-17T20:39:54+05:30,"{""internship_id"": 5}"
AUD-275-APPLY,APPLY,Application,275,Student,81,2025-08-02T13:01:54+05:30,"{""internship_id"": 13}"
AUD-276-APPLY,APPLY,Application,276,Student,81,2025-08-27T16:33:54+05:30,"{""internship_id"": 8}"
AUD-277-APPLY,APPLY,Application,277,Student,82,2025-09-17T16:19:54+05:30,"{""internship_id"": 15}"
AUD-278-APPLY,APPLY,Application,278,Student,82,2025-08-05T11:57:54+05:30,"{""internship_id"": 10}"
AUD-279-APPLY,APPLY,Application,279,Student,82,2025-07-10T21:03:54+05:30,"{""internship_id"": 17}"
AUD-280-APPLY,APPLY,Application,280,Student,82,2025-08-26T13:16:54+05:30,"{""internship_id"": 27}"
AUD-281-APPLY,APPLY,Application,281,Student,82,2025-09-04T21:34:54+05:30,"{""internship_id"": 35}"
AUD-282-APPLY,APPLY,Application,282,Student,83,2025-08-13T14:12:54+05:30,"{""internship_id"": 9}"
AUD-283-APPLY,APPLY,Application,283,Student,83,2025-09-19T11:34:54+05:30,"{""internship_id"": 35}"
AUD-41-OFFER,OFFER,Offer,41,HR,21,2025-09-24T14:39:54+05:30,"{""offer_stipend"": 14000}"
AUD-284-APPLY,APPLY,Application,284,Student,83,2025-08-19T14:15:54+05:30,"{""internship_id"": 2}"
AUD-285-APPLY,APPLY,Application,285,Student,83,2025-09-08T21:43:54+05:30,"{""internship_id"": 26}"
AUD-286-APPLY,APPLY,Application,286,Student,84,2025-08-11T02:26:54+05:30,"{""internship_id"": 35}"
AUD-287-APPLY,APPLY,Application,287,Student,84,2025-07-09T08:06:54+05:30,"{""internship_id"": 8}"
AUD-288-APPLY,APPLY,Application,288,Student,84,2025-08-16T16:12:54+05:30,"{""internship_id"": 32}"
AUD-289-APPLY,APPLY,Application,289,Student,85,2025-08-15T04:11:54+05:30,"{""internship_id"": 15}"
AUD-290-APPLY,APPLY,Application,290,Student,85,2025-08-06T22:19:54+05:30,"{""internship_id"": 10}"
AUD-291-APPLY,APPLY,Application,291,Student,85,2025-08-17T17:57:54+05:30,"{""internship_id"": 35}"
AUD-292-APPLY,APPLY,Application,292,Student,86,2025-08-14T19:32:54+05:30,"{""internship_id"": 16}"
AUD-293-APPLY,APPLY,Application,293,Student,86,2025-08-13T12:10:54+05:30,"{""internship_id"": 21}"
AUD-294-APPLY,APPLY,Application,294,Student,86,2025-09-15T16:31:54+05:30,"{""internship_id"": 12}"
AUD-295-APPLY,APPLY,Application,295,Student,86,2025-09-23T09:18:54+05:30,"{""internship_id"": 29}"
AUD-296-APPLY,APPLY,Application,296,Student,87,2025-07-12T11:16:54+05:30,"{""internship_id"": 2}"
AUD-297-APPLY,APPLY,Application,297,Student,87,2025-09-21T16:36:54+05:30,"{""internship_id"": 10}"
AUD-298-APPLY,APPLY,Application,298,Student,88,2025-07-02T02:28:54+05:30,"{""internship_id"": 10}"
AUD-299-APPLY,APPLY,Application,299,Student,88,2025-08-09T23:43:54+05:30,"{""internship_id"": 8}"
AUD-42-OFFER,OFFER,Offer,42,HR,7,2025-09-23T07:45:54+05:30,"{""offer_stipend"": 15000}"
AUD-10-CERT,CERT_GENERATED,Certificate,10,System,0,2025-09-19T21:46:54+05:30,"{""hash"": ""20c657fb6848b45d""}"
AUD-300-APPLY,APPLY,Application,300,Student,88,2025-07-30T05:54:54+05:30,"{""internship_id"": 3}"
AUD-301-APPLY,APPLY,Application,301,Student,88,2025-08-12T21:44:54+05:30,"{""internship_id"": 32}"
AUD-302-APPLY,APPLY,Application,302,Student,88,2025-08-19T13:17:54+05:30,"{""internship_id"": 9}"
AUD-303-APPLY,APPLY,Application,303,Student,89,2025-09-21T06:30:54+05:30,"{""internship_id"": 19}"
AUD-304-APPLY,APPLY,Application,304,Student,89,2025-07-22T07:24:54+05:30,"{""internship_id"": 27}"
AUD-305-APPLY,APPLY,Application,305,Student,89,2025-09-01T04:17:54+05:30,"{""internship_id"": 17}"
AUD-306-APPLY,APPLY,Application,306,Student,90,2025-08-24T11:01:54+05:30,"{""internship_id"": 11}"
AUD-307-APPLY,APPLY,Application,307,Student,90,2025-07-23T23:12:54+05:30,"{""internship_id"": 31}"
AUD-308-APPLY,APPLY,Application,308,Student,90,2025-08-15T19:37:54+05:30,"{""internship_id"": 16}"
AUD-309-APPLY,APPLY,Application,309,Student,91,2025-07-30T03:04:54+05:30,"{""internship_id"": 3}"
AUD-310-APPLY,APPLY,Application,310,Student,91,2025-07-01T20:55:54+05:30,"{""internship_id"": 34}"
AUD-311-APPLY,APPLY,Application,311,Student,91,2025-07-25T03:37:54+05:30,"{""internship_id"": 11}"
AUD-312-APPLY,APPLY,Application,312,Student,91,2025-07-01T18:13:54+05:30,"{""internship_id"": 19}"
AUD-313-APPLY,APPLY,Application,313,Student,91,2025-09-06T10:37:54+05:30,"{""internship_id"": 12}"
AUD-314-APPLY,APPLY,Application,314,Student,92,2025-07-03T01:38:54+05:30,"{""internship_id"": 32}"
AUD-315-APPLY,APPLY,Application,315,Student,92,2025-07-23T13:13:54+05:30,"{""internship_id"": 29}"
AUD-316-APPLY,APPLY,Application,316,Student,92,2025-06-30T21:22:54+05:30,"{""internship_id"": 35}"
AUD-317-APPLY,APPLY,Application,317,Student,93,2025-08-08T10:07:54+05:30,"{""internship_id"": 14}"
AUD-318-APPLY,APPLY,Application,318,Student,93,2025-08-13T02:09:54+05:30,"{""internship_id"": 10}"
AUD-319-APPLY,APPLY,Application,319,Student,93,2025-07-09T05:47:54+05:30,"{""internship_id"": 19}"
AUD-320-APPLY,APPLY,Application,320,Student,94,2025-07-12T18:43:54+05:30,"{""internship_id"": 16}"
AUD-321-APPLY,APPLY,Application,321,Student,94,2025-07-21T12:18:54+05:30,"{""internship_id"": 29}"
AUD-322-APPLY,APPLY,Application,322,Student,94,2025-08-12T02:56:54+05:30,"{""internship_id"": 36}"
AUD-323-APPLY,APPLY,Application,323,Student,95,2025-07-12T08:35:54+05:30,"{""internship_id"": 1}"
AUD-324-APPLY,APPLY,Application,324,Student,95,2025-08-06T23:44:54+05:30,"{""internship_id"": 29}"
AUD-325-APPLY,APPLY,Application,325,Student,95,2025-08-27T23:11:54+05:30,"{""internship_id"": 18}"
AUD-326-APPLY,APPLY,Application,326,Student,96,2025-07-15T18:24:54+05:30,"{""internship_id"": 28}"
AUD-327-APPLY,APPLY,Application,327,Student,96,2025-09-24T09:32:54+05:30,"{""internship_id"": 32}"
AUD-328-APPLY,APPLY,Application,328,Student,96,2025-08-08T16:29:54+05:30,"{""internship_id"": 9}"
AUD-329-APPLY,APPLY,Application,329,Student,96,2025-09-15T17:51:54+05:30,"{""internship_id"": 26}"
AUD-43-OFFER,OFFER,Offer,43,HR,20,2025-09-22T10:37:54+05:30,"{""offer_stipend"": 9000}"
AUD-330-APPLY,APPLY,Application,330,Student,97,2025-08-17T09:05:54+05:30,"{""internship_id"": 34}"
AUD-331-APPLY,APPLY,Application,331,Student,97,2025-08-03T00:08:54+05:30,"{""internship_id"": 37}"
AUD-332-APPLY,APPLY,Application,332,Student,97,2025-08-11T13:02:54+05:30,"{""internship_id"": 32}"
AUD-333-APPLY,APPLY,Application,333,Student,97,2025-07-01T11:46:54+05:30,"{""internship_id"": 31}"
AUD-334-APPLY,APPLY,Application,334,Student,97,2025-07-20T09:15:54+05:30,"{""internship_id"": 2}"
AUD-335-APPLY,APPLY,Application,335,Student,98,2025-09-19T01:06:54+05:30,"{""internship_id"": 2}"
AUD-336-APPLY,APPLY,Application,336,Student,98,2025-09-17T23:04:54+05:30,"{""internship_id"": 13}"
AUD-337-APPLY,APPLY,Application,337,Student,99,2025-08-08T15:27:54+05:30,"{""internship_id"": 7}"
AUD-338-APPLY,APPLY,Application,338,Student,99,2025-09-10T12:48:54+05:30,"{""internship_id"": 27}"
AUD-44-OFFER,OFFER,Offer,44,HR,17,2025-09-25T08:12:54+05:30,"{""offer_stipend"": 7000}"
AUD-339-APPLY,APPLY,Application,339,Student,99,2025-07-22T23:20:54+05:30,"{""internship_id"": 35}"
AUD-340-APPLY,APPLY,Application,340,Student,99,2025-08-18T05:27:54+05:30,"{""internship_id"": 11}"
AUD-341-APPLY,APPLY,Application,341,Student,100,2025-08-16T22:39:54+05:30,"{""internship_id"": 28}"
AUD-342-APPLY,APPLY,Application,342,Student,100,2025-08-04T23:41:54+05:30,"{""internship_id"": 36}"
AUD-45-OFFER,OFFER,Offer,45,HR,2,2025-09-17T18:24:54+05:30,"{""offer_stipend"": 21000}"
AUD-343-APPLY,APPLY,Application,343,Student,100,2025-08-20T05:04:54+05:30,"{""internship_id"": 32}"
AUD-344-APPLY,APPLY,Application,344,Student,100,2025-08-11T04:32:54+05:30,"{""internship_id"": 15}"
AUD-46-OFFER,OFFER,Offer,46,HR,14,2025-09-09T04:17:54+05:30,"{""offer_stipend"": 13000}"
AUD-345-APPLY,APPLY,Application,345,Student,100,2025-09-04T12:32:54+05:30,"{""internship_id"": 6}"
AUD-346-APPLY,APPLY,Application,346,Student,101,2025-07-25T12:05:54+05:30,"{""internship_id"": 15}"
AUD-347-APPLY,APPLY,Application,347,Student,101,2025-07-03T18:28:54+05:30,"{""internship_id"": 31}"
AUD-348-APPLY,APPLY,Application,348,Student,101,2025-08-17T02:32:54+05:30,"{""internship_id"": 16}"
AUD-47-OFFER,OFFER,Offer,47,HR,11,2025-09-14T21:32:54+05:30,"{""offer_stipend"": 8000}"
AUD-11-CERT,CERT_GENERATED,Certificate,11,System,0,2025-09-20T03:22:54+05:30,"{""hash"": ""1bc93dc40456eea9""}"
AUD-349-APPLY,APPLY,Application,349,Student,102,2025-08-04T05:41:54+05:30,"{""internship_id"": 33}"
AUD-350-APPLY,APPLY,Application,350,Student,102,2025-08-21T22:29:54+05:30,"{""internship_id"": 3}"
AUD-351-APPLY,APPLY,Application,351,Student,102,2025-09-10T09:56:54+05:30,"{""internship_id"": 23}"
AUD-352-APPLY,APPLY,Application,352,Student,102,2025-07-29T03:09:54+05:30,"{""internship_id"": 17}"
AUD-353-APPLY,APPLY,Application,353,Student,103,2025-08-29T08:55:54+05:30,"{""internship_id"": 13}"
AUD-354-APPLY,APPLY,Application,354,Student,103,2025-08-10T21:54:54+05:30,"{""internship_id"": 21}"
AUD-355-APPLY,APPLY,Application,355,Student,103,2025-07-17T20:26:54+05:30,"{""internship_id"": 1}"
AUD-356-APPLY,APPLY,Application,356,Student,103,2025-08-04T05:12:54+05:30,"{""internship_id"": 26}"
AUD-357-APPLY,APPLY,Application,357,Student,104,2025-08-23T10:45:54+05:30,"{""internship_id"": 10}"
AUD-358-APPLY,APPLY,Application,358,Student,104,2025-08-31T07:47:54+05:30,"{""internship_id"": 20}"
AUD-359-APPLY,APPLY,Application,359,Student,105,2025-09-08T03:54:54+05:30,"{""internship_id"": 34}"
AUD-360-APPLY,APPLY,Application,360,Student,105,2025-09-18T12:18:54+05:30,"{""internship_id"": 27}"
AUD-361-APPLY,APPLY,Application,361,Student,105,2025-08-26T13:31:54+05:30,"{""internship_id"": 23}"
AUD-362-APPLY,APPLY,Application,362,Student,105,2025-07-17T19:16:54+05:30,"{""internship_id"": 26}"
AUD-363-APPLY,APPLY,Application,363,Student,106,2025-07-28T09:10:54+05:30,"{""internship_id"": 1}"
AUD-364-APPLY,APPLY,Application,364,Student,106,2025-09-07T01:03:54+05:30,"{""internship_id"": 24}"
AUD-365-APPLY,APPLY,Application,365,Student,106,2025-08-04T05:24:54+05:30,"{""internship_id"": 26}"
AUD-366-APPLY,APPLY,Application,366,Student,106,2025-08-25T17:25:54+05:30,"{""internship_id"": 4}"
AUD-367-APPLY,APPLY,Application,367,Student,107,2025-08-29T12:27:54+05:30,"{""internship_id"": 7}"
AUD-368-APPLY,APPLY,Application,368,Student,107,2025-08-01T11:41:54+05:30,"{""internship_id"": 30}"
AUD-369-APPLY,APPLY,Application,369,Student,107,2025-09-10T09:02:54+05:30,"{""internship_id"": 5}"
AUD-370-APPLY,APPLY,Application,370,Student,108,2025-09-16T04:07:54+05:30,"{""internship_id"": 31}"
AUD-371-APPLY,APPLY,Application,371,Student,108,2025-08-28T19:13:54+05:30,"{""internship_id"": 32}"
AUD-372-APPLY,APPLY,Application,372,Student,108,2025-07-08T13:34:54+05:30,"{""internship_id"": 21}"
AUD-373-APPLY,APPLY,Application,373,Student,108,2025-09-18T08:09:54+05:30,"{""internship_id"": 29}"
AUD-374-APPLY,APPLY,Application,374,Student,108,2025-08-24T16:21:54+05:30,"{""internship_id"": 16}"
AUD-375-APPLY,APPLY,Application,375,Student,109,2025-08-28T21:10:54+05:30,"{""internship_id"": 30}"
AUD-376-APPLY,APPLY,Application,376,Student,109,2025-08-27T21:59:54+05:30,"{""internship_id"": 11}"
AUD-377-APPLY,APPLY,Application,377,Student,110,2025-09-19T02:19:54+05:30,"{""internship_id"": 32}"
AUD-48-OFFER,OFFER,Offer,48,HR,21,2025-09-11T15:25:54+05:30,"{""offer_stipend"": 5000}"
AUD-378-APPLY,APPLY,Application,378,Student,110,2025-08-25T23:09:54+05:30,"{""internship_id"": 19}"
AUD-379-APPLY,APPLY,Application,379,Student,110,2025-09-05T05:05:54+05:30,"{""internship_id"": 28}"
AUD-380-APPLY,APPLY,Application,380,Student,110,2025-08-18T00:21:54+05:30,"{""internship_id"": 17}"
AUD-381-APPLY,APPLY,Application,381,Student,110,2025-08-11T14:46:54+05:30,"{""internship_id"": 18}"
AUD-49-OFFER,OFFER,Offer,49,HR,15,2025-09-08T22:33:54+05:30,"{""offer_stipend"": 12000}"
AUD-12-CERT,CERT_GENERATED,Certificate,12,System,0,2025-09-28T03:44:54+05:30,"{""hash"": ""393584a969070db2""}"
AUD-382-APPLY,APPLY,Application,382,Student,111,2025-07-30T07:06:54+05:30,"{""internship_id"": 1}"
AUD-383-APPLY,APPLY,Application,383,Student,111,2025-09-24T02:21:54+05:30,"{""internship_id"": 5}"
AUD-384-APPLY,APPLY,Application,384,Student,111,2025-07-23T07:51:54+05:30,"{""internship_id"": 18}"
AUD-385-APPLY,APPLY,Application,385,Student,111,2025-07-21T05:43:54+05:30,"{""internship_id"": 25}"
AUD-386-APPLY,APPLY,Application,386,Student,111,2025-07-09T11:47:54+05:30,"{""internship_id"": 17}"
AUD-387-APPLY,APPLY,Application,387,Student,112,2025-07-10T01:21:54+05:30,"{""internship_id"": 37}"
AUD-388-APPLY,APPLY,Application,388,Student,112,2025-08-26T14:05:54+05:30,"{""internship_id"": 23}"
AUD-389-APPLY,APPLY,Application,389,Student,112,2025-07-06T04:14:54+05:30,"{""internship_id"": 7}"
AUD-390-APPLY,APPLY,Application,390,Student,112,2025-08-06T21:52:54+05:30,"{""internship_id"": 1}"
AUD-391-APPLY,APPLY,Application,391,Student,113,2025-09-02T05:22:54+05:30,"{""internship_id"": 17}"
AUD-392-APPLY,APPLY,Application,392,Student,113,2025-07-27T17:22:54+05:30,"{""internship_id"": 37}"
AUD-393-APPLY,APPLY,Application,393,Student,113,2025-09-23T13:45:54+05:30,"{""internship_id"": 33}"
AUD-394-APPLY,APPLY,Application,394,Student,114,2025-07-14T15:21:54+05:30,"{""internship_id"": 34}"
AUD-50-OFFER,OFFER,Offer,50,HR,12,2025-09-11T10:58:54+05:30,"{""offer_stipend"": 8000}"
AUD-395-APPLY,APPLY,Application,395,Student,114,2025-07-14T17:27:54+05:30,"{""internship_id"": 23}"
AUD-51-OFFER,OFFER,Offer,51,HR,3,2025-09-09T13:04:54+05:30,"{""offer_stipend"": 12000}"
AUD-13-CERT,CERT_GENERATED,Certificate,13,System,0,2025-09-20T10:09:54+05:30,"{""hash"": ""00668ea5d637fa2a""}"
AUD-396-APPLY,APPLY,Application,396,Student,115,2025-09-06T21:32:54+05:30,"{""internship_id"": 3}"
AUD-397-APPLY,APPLY,Application,397,Student,115,2025-08-12T21:05:54+05:30,"{""internship_id"": 37}"
AUD-398-APPLY,APPLY,Application,398,Student,116,2025-08-05T04:27:54+05:30,"{""internship_id"": 23}"
AUD-399-APPLY,APPLY,Application,399,Student,116,2025-08-10T08:57:54+05:30,"{""internship_id"": 22}"
AUD-400-APPLY,APPLY,Application,400,Student,117,2025-08-13T21:03:54+05:30,"{""internship_id"": 36}"
AUD-401-APPLY,APPLY,Application,401,Student,117,2025-09-10T05:32:54+05:30,"{""internship_id"": 1}"
AUD-52-OFFER,OFFER,Offer,52,HR,20,2025-09-21T06:16:54+05:30,"{""offer_stipend"": 14000}"
AUD-402-APPLY,APPLY,Application,402,Student,117,2025-08-02T03:40:54+05:30,"{""internship_id"": 25}"
AUD-403-APPLY,APPLY,Application,403,Student,117,2025-08-06T23:17:54+05:30,"{""internship_id"": 34}"
AUD-404-APPLY,APPLY,Application,404,Student,117,2025-09-21T21:22:54+05:30,"{""internship_id"": 28}"
AUD-405-APPLY,APPLY,Application,405,Student,118,2025-08-14T12:42:54+05:30,"{""internship_id"": 15}"
AUD-406-APPLY,APPLY,Application,406,Student,118,2025-08-26T09:16:54+05:30,"{""internship_id"": 33}"
AUD-407-APPLY,APPLY,Application,407,Student,118,2025-08-11T06:33:54+05:30,"{""internship_id"": 36}"
AUD-53-OFFER,OFFER,Offer,53,HR,12,2025-09-25T19:16:54+05:30,"{""offer_stipend"": 20000}"
AUD-408-APPLY,APPLY,Application,408,Student,119,2025-08-25T07:40:54+05:30,"{""internship_id"": 16}"
AUD-409-APPLY,APPLY,Application,409,Student,119,2025-08-21T14:57:54+05:30,"{""internship_id"": 32}"
AUD-410-APPLY,APPLY,Application,410,Student,119,2025-09-18T21:29:54+05:30,"{""internship_id"": 34}"
AUD-54-OFFER,OFFER,Offer,54,HR,10,2025-09-12T06:09:54+05:30,"{""offer_stipend"": 9000}"
AUD-411-APPLY,APPLY,Application,411,Student,119,2025-08-27T21:32:54+05:30,"{""internship_id"": 19}"
AUD-412-APPLY,APPLY,Application,412,Student,119,2025-08-16T17:58:54+05:30,"{""internship_id"": 23}"
AUD-55-OFFER,OFFER,Offer,55,HR,4,2025-09-25T19:55:54+05:30,"{""offer_stipend"": 14000}"
AUD-413-APPLY,APPLY,Application,413,Student,120,2025-08-29T18:44:54+05:30,"{""internship_id"": 26}"
AUD-56-OFFER,OFFER,Offer,56,HR,20,2025-09-22T23:19:54+05:30,"{""offer_stipend"": 9000}"
AUD-414-APPLY,APPLY,Application,414,Student,120,2025-07-02T18:49:54+05:30,"{""internship_id"": 28}"
AUD-415-APPLY,APPLY,Application,415,Student,120,2025-08-17T04:03:54+05:30,"{""internship_id"": 36}"
AUD-416-APPLY,APPLY,Application,416,Student,120,2025-07-15T15:31:54+05:30,"{""internship_id"": 16}"
AUD-57-OFFER,OFFER,Offer,57,HR,16,2025-09-18T12:12:54+05:30,"{""offer_stipend"": 7000}"
AUD-417-APPLY,APPLY,Application,417,Student,121,2025-08-14T18:57:54+05:30,"{""internship_id"": 24}"
AUD-58-OFFER,OFFER,Offer,58,HR,20,2025-09-26T21:04:54+05:30,"{""offer_stipend"": 16000}"
AUD-418-APPLY,APPLY,Application,418,Student,121,2025-08-24T17:08:54+05:30,"{""internship_id"": 33}"
AUD-419-APPLY,APPLY,Application,419,Student,121,2025-07-31T22:42:54+05:30,"{""internship_id"": 2}"
AUD-420-APPLY,APPLY,Application,420,Student,121,2025-09-24T16:47:54+05:30,"{""internship_id"": 11}"
AUD-421-APPLY,APPLY,Application,421,Student,122,2025-08-26T19:16:54+05:30,"{""internship_id"": 5}"
AUD-422-APPLY,APPLY,Application,422,Student,122,2025-09-03T19:07:54+05:30,"{""internship_id"": 3}"
AUD-423-APPLY,APPLY,Application,423,Student,123,2025-08-04T11:50:54+05:30,"{""internship_id"": 13}"
AUD-424-APPLY,APPLY,Application,424,Student,123,2025-07-10T04:20:54+05:30,"{""internship_id"": 5}"
AUD-425-APPLY,APPLY,Application,425,Student,123,2025-08-18T04:56:54+05:30,"{""internship_id"": 4}"
AUD-426-APPLY,APPLY,Application,426,Student,123,2025-08-07T07:02:54+05:30,"{""internship_id"": 11}"
AUD-427-APPLY,APPLY,Application,427,Student,124,2025-08-22T07:39:54+05:30,"{""internship_id"": 37}"
AUD-428-APPLY,APPLY,Application,428,Student,124,2025-09-09T12:30:54+05:30,"{""internship_id"": 26}"
AUD-429-APPLY,APPLY,Application,429,Student,124,2025-08-01T21:40:54+05:30,"{""internship_id"": 7}"
AUD-430-APPLY,APPLY,Application,430,Student,124,2025-07-06T18:52:54+05:30,"{""internship_id"": 4}"
AUD-431-APPLY,APPLY,Application,431,Student,124,2025-08-17T01:19:54+05:30,"{""internship_id"": 24}"
AUD-432-APPLY,APPLY,Application,432,Student,125,2025-09-23T21:12:54+05:30,"{""internship_id"": 8}"
AUD-433-APPLY,APPLY,Application,433,Student,125,2025-08-16T22:36:54+05:30,"{""internship_id"": 28}"
AUD-59-OFFER,OFFER,Offer,59,HR,18,2025-09-18T08:31:54+05:30,"{""offer_stipend"": 5000}"
AUD-434-APPLY,APPLY,Application,434,Student,125,2025-09-06T16:46:54+05:30,"{""internship_id"": 9}"
AUD-435-APPLY,APPLY,Application,435,Student,125,2025-08-13T15:54:54+05:30,"{""internship_id"": 2}"
AUD-436-APPLY,APPLY,Application,436,Student,125,2025-09-21T03:02:54+05:30,"{""internship_id"": 13}"
AUD-437-APPLY,APPLY,Application,437,Student,126,2025-09-13T07:09:54+05:30,"{""internship_id"": 29}"
AUD-438-APPLY,APPLY,Application,438,Student,126,2025-08-23T04:19:54+05:30,"{""internship_id"": 37}"
AUD-439-APPLY,APPLY,Application,439,Student,126,2025-09-04T21:48:54+05:30,"{""internship_id"": 2}"
AUD-440-APPLY,APPLY,Application,440,Student,126,2025-08-10T12:52:54+05:30,"{""internship_id"": 11}"
AUD-441-APPLY,APPLY,Application,441,Student,127,2025-09-21T08:50:54+05:30,"{""internship_id"": 22}"
AUD-442-APPLY,APPLY,Application,442,Student,127,2025-08-17T00:35:54+05:30,"{""internship_id"": 9}"
AUD-443-APPLY,APPLY,Application,443,Student,127,2025-07-24T01:35:54+05:30,"{""internship_id"": 29}"
AUD-444-APPLY,APPLY,Application,444,Student,127,2025-09-04T13:38:54+05:30,"{""internship_id"": 1}"
AUD-445-APPLY,APPLY,Application,445,Student,128,2025-08-08T03:03:54+05:30,"{""internship_id"": 4}"
AUD-446-APPLY,APPLY,Application,446,Student,128,2025-09-16T12:24:54+05:30,"{""internship_id"": 14}"
AUD-447-APPLY,APPLY,Application,447,Student,129,2025-07-27T03:24:54+05:30,"{""internship_id"": 3}"
AUD-448-APPLY,APPLY,Application,448,Student,129,2025-07-05T20:28:54+05:30,"{""internship_id"": 21}"
AUD-449-APPLY,APPLY,Application,449,Student,129,2025-07-04T16:32:54+05:30,"{""internship_id"": 13}"
AUD-450-APPLY,APPLY,Application,450,Student,129,2025-09-18T09:23:54+05:30,"{""internship_id"": 10}"
AUD-451-APPLY,APPLY,Application,451,Student,129,2025-07-13T23:36:54+05:30,"{""internship_id"": 34}"
AUD-452-APPLY,APPLY,Application,452,Student,130,2025-07-30T13:33:54+05:30,"{""internship_id"": 19}"
AUD-453-APPLY,APPLY,Application,453,Student,130,2025-06-30T21:09:54+05:30,"{""internship_id"": 20}"
AUD-454-APPLY,APPLY,Application,454,Student,130,2025-08-03T03:42:54+05:30,"{""internship_id"": 12}"
AUD-455-APPLY,APPLY,Application,455,Student,130,2025-09-18T13:54:54+05:30,"{""internship_id"": 23}"
AUD-456-APPLY,APPLY,Application,456,Student,131,2025-07-13T06:45:54+05:30,"{""internship_id"": 8}"
AUD-457-APPLY,APPLY,Application,457,Student,131,2025-08-14T02:10:54+05:30,"{""internship_id"": 2}"
AUD-458-APPLY,APPLY,Application,458,Student,132,2025-09-23T17:41:54+05:30,"{""internship_id"": 11}"
AUD-459-APPLY,APPLY,Application,459,Student,132,2025-07-17T06:42:54+05:30,"{""internship_id"": 3}"
AUD-60-OFFER,OFFER,Offer,60,HR,2,2025-09-24T04:09:54+05:30,"{""offer_stipend"": 14000}"
AUD-460-APPLY,APPLY,Application,460,Student,132,2025-08-06T00:46:54+05:30,"{""internship_id"": 15}"
AUD-461-APPLY,APPLY,Application,461,Student,132,2025-09-12T07:23:54+05:30,"{""internship_id"": 20}"
AUD-462-APPLY,APPLY,Application,462,Student,132,2025-08-23T04:28:54+05:30,"{""internship_id"": 23}"
AUD-463-APPLY,APPLY,Application,463,Student,133,2025-07-23T09:29:54+05:30,"{""internship_id"": 26}"
AUD-464-APPLY,APPLY,Application,464,Student,133,2025-07-29T20:10:54+05:30,"{""internship_id"": 12}"
AUD-465-APPLY,APPLY,Application,465,Student,133,2025-08-23T03:58:54+05:30,"{""internship_id"": 21}"
AUD-466-APPLY,APPLY,Application,466,Student,133,2025-09-08T08:13:54+05:30,"{""internship_id"": 18}"
AUD-467-APPLY,APPLY,Application,467,Student,133,2025-08-03T02:09:54+05:30,"{""internship_id"": 7}"
AUD-61-OFFER,OFFER,Offer,61,HR,9,2025-09-19T07:56:54+05:30,"{""offer_stipend"": 8000}"
AUD-468-APPLY,APPLY,Application,468,Student,134,2025-07-30T05:31:54+05:30,"{""internship_id"": 33}"
AUD-469-APPLY,APPLY,Application,469,Student,134,2025-08-24T14:08:54+05:30,"{""internship_id"": 1}"
AUD-470-APPLY,APPLY,Application,470,Student,134,2025-08-19T15:42:54+05:30,"{""internship_id"": 14}"
AUD-471-APPLY,APPLY,Application,471,Student,135,2025-09-01T22:17:54+05:30,"{""internship_id"": 19}"
AUD-472-APPLY,APPLY,Application,472,Student,135,2025-07-29T10:46:54+05:30,"{""internship_id"": 21}"
AUD-473-APPLY,APPLY,Application,473,Student,135,2025-08-25T08:48:54+05:30,"{""internship_id"": 12}"
AUD-474-APPLY,APPLY,Application,474,Student,135,2025-08-14T08:02:54+05:30,"{""internship_id"": 29}"
AUD-475-APPLY,APPLY,Application,475,Student,136,2025-08-15T22:49:54+05:30,"{""internship_id"": 32}"
AUD-62-OFFER,OFFER,Offer,62,HR,8,2025-09-10T13:55:54+05:30,"{""offer_stipend"": 6000}"
AUD-476-APPLY,APPLY,Application,476,Student,136,2025-07-12T16:07:54+05:30,"{""internship_id"": 3}"
AUD-477-APPLY,APPLY,Application,477,Student,136,2025-07-10T17:28:54+05:30,"{""internship_id"": 19}"
AUD-478-APPLY,APPLY,Application,478,Student,136,2025-07-02T09:47:54+05:30,"{""internship_id"": 34}"
AUD-479-APPLY,APPLY,Application,479,Student,136,2025-08-10T01:15:54+05:30,"{""internship_id"": 37}"
AUD-480-APPLY,APPLY,Application,480,Student,137,2025-07-20T00:37:54+05:30,"{""internship_id"": 21}"
AUD-481-APPLY,APPLY,Application,481,Student,137,2025-07-12T09:24:54+05:30,"{""internship_id"": 11}"
AUD-482-APPLY,APPLY,Application,482,Student,137,2025-08-25T20:17:54+05:30,"{""internship_id"": 6}"
AUD-483-APPLY,APPLY,Application,483,Student,137,2025-08-24T09:33:54+05:30,"{""internship_id"": 3}"
AUD-484-APPLY,APPLY,Application,484,Student,137,2025-07-22T22:03:54+05:30,"{""internship_id"": 25}"
AUD-485-APPLY,APPLY,Application,485,Student,138,2025-07-14T01:02:54+05:30,"{""internship_id"": 23}"
AUD-486-APPLY,APPLY,Application,486,Student,138,2025-09-24T00:43:54+05:30,"{""internship_id"": 5}"
AUD-487-APPLY,APPLY,Application,487,Student,138,2025-08-05T11:45:54+05:30,"{""internship_id"": 31}"
AUD-488-APPLY,APPLY,Application,488,Student,138,2025-07-26T18:40:54+05:30,"{""internship_id"": 29}"
AUD-63-OFFER,OFFER,Offer,63,HR,9,2025-09-20T09:58:54+05:30,"{""offer_stipend"": 8000}"
AUD-14-CERT,CERT_GENERATED,Certificate,14,System,0,2025-09-21T04:50:54+05:30,"{""hash"": ""953acf164dd5c09d""}"
AUD-489-APPLY,APPLY,Application,489,Student,139,2025-09-12T15:10:54+05:30,"{""internship_id"": 26}"
AUD-490-APPLY,APPLY,Application,490,Student,139,2025-08-31T02:24:54+05:30,"{""internship_id"": 32}"
AUD-64-OFFER,OFFER,Offer,64,HR,11,2025-09-15T17:05:54+05:30,"{""offer_stipend"": 6000}"
AUD-491-APPLY,APPLY,Application,491,Student,139,2025-09-08T08:02:54+05:30,"{""internship_id"": 19}"
AUD-492-APPLY,APPLY,Application,492,Student,139,2025-07-27T18:47:54+05:30,"{""internship_id"": 2}"
AUD-493-APPLY,APPLY,Application,493,Student,140,2025-09-24T14:36:54+05:30,"{""internship_id"": 4}"
AUD-494-APPLY,APPLY,Application,494,Student,140,2025-07-11T08:03:54+05:30,"{""internship_id"": 23}"
AUD-65-OFFER,OFFER,Offer,65,HR,9,2025-09-17T04:46:54+05:30,"{""offer_stipend"": 13000}"
AUD-15-CERT,CERT_GENERATED,Certificate,15,System,0,2025-09-20T09:22:54+05:30,"{""hash"": ""1ca06555faa3cd44""}"
AUD-495-APPLY,APPLY,Application,495,Student,141,2025-07-20T17:53:54+05:30,"{""internship_id"": 37}"
AUD-496-APPLY,APPLY,Application,496,Student,141,2025-07-16T01:06:54+05:30,"{""internship_id"": 36}"
AUD-497-APPLY,APPLY,Application,497,Student,141,2025-07-03T10:52:54+05:30,"{""internship_id"": 19}"
AUD-498-APPLY,APPLY,Application,498,Student,141,2025-08-04T22:34:54+05:30,"{""internship_id"": 14}"
AUD-499-APPLY,APPLY,Application,499,Student,141,2025-09-23T21:52:54+05:30,"{""internship_id"": 20}"
AUD-66-OFFER,OFFER,Offer,66,HR,4,2025-09-26T17:41:54+05:30,"{""offer_stipend"": 9000}"
AUD-500-APPLY,APPLY,Application,500,Student,142,2025-09-07T06:37:54+05:30,"{""internship_id"": 36}"
AUD-501-APPLY,APPLY,Application,501,Student,142,2025-08-06T08:03:54+05:30,"{""internship_id"": 15}"
AUD-502-APPLY,APPLY,Application,502,Student,142,2025-07-14T20:15:54+05:30,"{""internship_id"": 23}"
AUD-503-APPLY,APPLY,Application,503,Student,142,2025-07-29T06:51:54+05:30,"{""internship_id"": 4}"
AUD-504-APPLY,APPLY,Application,504,Student,143,2025-07-28T04:33:54+05:30,"{""internship_id"": 8}"
AUD-505-APPLY,APPLY,Application,505,Student,143,2025-09-06T16:48:54+05:30,"{""internship_id"": 2}"
AUD-506-APPLY,APPLY,Application,506,Student,143,2025-09-18T17:09:54+05:30,"{""internship_id"": 27}"
AUD-507-APPLY,APPLY,Application,507,Student,144,2025-09-13T19:11:54+05:30,"{""internship_id"": 3}"
AUD-508-APPLY,APPLY,Application,508,Student,144,2025-08-18T01:19:54+05:30,"{""internship_id"": 19}"
AUD-509-APPLY,APPLY,Application,509,Student,145,2025-09-08T08:38:54+05:30,"{""internship_id"": 15}"
AUD-67-OFFER,OFFER,Offer,67,HR,3,2025-09-09T14:43:54+05:30,"{""offer_stipend"": 13000}"
AUD-510-APPLY,APPLY,Application,510,Student,145,2025-07-01T09:06:54+05:30,"{""internship_id"": 6}"
AUD-68-OFFER,OFFER,Offer,68,HR,12,2025-09-17T15:24:54+05:30,"{""offer_stipend"": 21000}"
AUD-511-APPLY,APPLY,Application,511,Student,145,2025-09-23T11:50:54+05:30,"{""internship_id"": 21}"
AUD-512-APPLY,APPLY,Application,512,Student,145,2025-07-17T03:05:54+05:30,"{""internship_id"": 26}"
AUD-513-APPLY,APPLY,Application,513,Student,146,2025-08-18T14:01:54+05:30,"{""internship_id"": 3}"
AUD-514-APPLY,APPLY,Application,514,Student,146,2025-07-03T04:20:54+05:30,"{""internship_id"": 2}"
AUD-515-APPLY,APPLY,Application,515,Student,146,2025-08-19T15:45:54+05:30,"{""internship_id"": 6}"
AUD-516-APPLY,APPLY,Application,516,Student,147,2025-08-29T22:22:54+05:30,"{""internship_id"": 37}"
AUD-517-APPLY,APPLY,Application,517,Student,147,2025-08-26T17:01:54+05:30,"{""internship_id"": 15}"
AUD-518-APPLY,APPLY,Application,518,Student,147,2025-07-14T17:55:54+05:30,"{""internship_id"": 28}"
AUD-519-APPLY,APPLY,Application,519,Student,147,2025-07-10T19:15:54+05:30,"{""internship_id"": 9}"
AUD-520-APPLY,APPLY,Application,520,Student,147,2025-08-20T08:18:54+05:30,"{""internship_id"": 13}"
AUD-521-APPLY,APPLY,Application,521,Student,148,2025-07-06T23:05:54+05:30,"{""internship_id"": 14}"
AUD-522-APPLY,APPLY,Application,522,Student,148,2025-07-27T12:55:54+05:30,"{""internship_id"": 25}"
AUD-69-OFFER,OFFER,Offer,69,HR,4,2025-09-28T17:58:54+05:30,"{""offer_stipend"": 7000}"
AUD-523-APPLY,APPLY,Application,523,Student,149,2025-07-12T11:22:54+05:30,"{""internship_id"": 7}"
AUD-524-APPLY,APPLY,Application,524,Student,149,2025-08-07T17:19:54+05:30,"{""internship_id"": 20}"
AUD-525-APPLY,APPLY,Application,525,Student,149,2025-08-24T20:44:54+05:30,"{""internship_id"": 26}"
AUD-526-APPLY,APPLY,Application,526,Student,149,2025-08-10T16:51:54+05:30,"{""internship_id"": 18}"
AUD-527-APPLY,APPLY,Application,527,Student,150,2025-09-05T05:27:54+05:30,"{""internship_id"": 14}"
AUD-528-APPLY,APPLY,Application,528,Student,150,2025-09-23T13:19:54+05:30,"{""internship_id"": 3}"
AUD-529-APPLY,APPLY,Application,529,Student,150,2025-07-13T20:47:54+05:30,"{""internship_id"": 36}"
AUD-530-APPLY,APPLY,Application,530,Student,151,2025-07-06T19:52:54+05:30,"{""internship_id"": 28}"
AUD-70-OFFER,OFFER,Offer,70,HR,15,2025-09-11T23:22:54+05:30,"{""offer_stipend"": 6000}"
AUD-531-APPLY,APPLY,Application,531,Student,151,2025-07-26T09:13:54+05:30,"{""internship_id"": 24}"
AUD-532-APPLY,APPLY,Application,532,Student,151,2025-09-02T21:59:54+05:30,"{""internship_id"": 33}"
AUD-533-APPLY,APPLY,Application,533,Student,151,2025-09-19T08:06:54+05:30,"{""internship_id"": 27}"
AUD-534-APPLY,APPLY,Application,534,Student,151,2025-07-15T18:44:54+05:30,"{""internship_id"": 18}"
AUD-71-OFFER,OFFER,Offer,71,HR,12,2025-09-09T03:48:54+05:30,"{""offer_stipend"": 13000}"
AUD-535-APPLY,APPLY,Application,535,Student,152,2025-08-15T22:16:54+05:30,"{""internship_id"": 8}"
AUD-536-APPLY,APPLY,Application,536,Student,152,2025-09-10T12:50:54+05:30,"{""internship_id"": 9}"
AUD-537-APPLY,APPLY,Application,537,Student,152,2025-09-12T20:12:54+05:30,"{""internship_id"": 6}"
AUD-538-APPLY,APPLY,Application,538,Student,152,2025-07-04T06:45:54+05:30,"{""internship_id"": 18}"
AUD-539-APPLY,APPLY,Application,539,Student,152,2025-07-14T00:35:54+05:30,"{""internship_id"": 3}"
AUD-540-APPLY,APPLY,Application,540,Student,153,2025-09-05T21:01:54+05:30,"{""internship_id"": 12}"
AUD-72-OFFER,OFFER,Offer,72,HR,7,2025-09-19T18:25:54+05:30,"{""offer_stipend"": 12000}"
AUD-16-CERT,CERT_GENERATED,Certificate,16,System,0,2025-09-27T03:23:54+05:30,"{""hash"": ""3dcc67603d33793d""}"
AUD-541-APPLY,APPLY,Application,541,Student,153,2025-09-15T02:31:54+05:30,"{""internship_id"": 5}"
AUD-542-APPLY,APPLY,Application,542,Student,153,2025-07-03T21:19:54+05:30,"{""internship_id"": 16}"
AUD-543-APPLY,APPLY,Application,543,Student,153,2025-07-02T10:42:54+05:30,"{""internship_id"": 1}"
AUD-544-APPLY,APPLY,Application,544,Student,153,2025-07-09T23:34:54+05:30,"{""internship_id"": 3}"
AUD-545-APPLY,APPLY,Application,545,Student,154,2025-07-24T01:06:54+05:30,"{""internship_id"": 4}"
AUD-546-APPLY,APPLY,Application,546,Student,154,2025-07-17T00:19:54+05:30,"{""internship_id"": 17}"
AUD-547-APPLY,APPLY,Application,547,Student,154,2025-08-05T06:23:54+05:30,"{""internship_id"": 2}"
AUD-548-APPLY,APPLY,Application,548,Student,155,2025-07-21T15:46:54+05:30,"{""internship_id"": 11}"
AUD-549-APPLY,APPLY,Application,549,Student,155,2025-09-03T19:28:54+05:30,"{""internship_id"": 9}"
AUD-550-APPLY,APPLY,Application,550,Student,155,2025-09-09T01:01:54+05:30,"{""internship_id"": 21}"
AUD-551-APPLY,APPLY,Application,551,Student,155,2025-09-07T08:10:54+05:30,"{""internship_id"": 28}"
AUD-552-APPLY,APPLY,Application,552,Student,156,2025-09-07T08:54:54+05:30,"{""internship_id"": 36}"
AUD-73-OFFER,OFFER,Offer,73,HR,5,2025-09-26T15:03:54+05:30,"{""offer_stipend"": 21000}"
AUD-553-APPLY,APPLY,Application,553,Student,156,2025-07-12T05:28:54+05:30,"{""internship_id"": 30}"
AUD-554-APPLY,APPLY,Application,554,Student,156,2025-07-23T16:49:54+05:30,"{""internship_id"": 21}"
AUD-555-APPLY,APPLY,Application,555,Student,156,2025-07-26T12:52:54+05:30,"{""internship_id"": 29}"
AUD-556-APPLY,APPLY,Application,556,Student,156,2025-08-01T15:07:54+05:30,"{""internship_id"": 35}"
AUD-557-APPLY,APPLY,Application,557,Student,157,2025-08-18T14:23:54+05:30,"{""internship_id"": 4}"
AUD-558-APPLY,APPLY,Application,558,Student,157,2025-09-09T13:47:54+05:30,"{""internship_id"": 33}"
AUD-559-APPLY,APPLY,Application,559,Student,157,2025-08-29T12:42:54+05:30,"{""internship_id"": 27}"
AUD-74-OFFER,OFFER,Offer,74,HR,13,2025-09-12T23:28:54+05:30,"{""offer_stipend"": 9000}"
AUD-560-APPLY,APPLY,Application,560,Student,157,2025-07-09T15:35:54+05:30,"{""internship_id"": 31}"
AUD-561-APPLY,APPLY,Application,561,Student,157,2025-08-29T03:21:54+05:30,"{""internship_id"": 35}"
AUD-75-OFFER,OFFER,Offer,75,HR,8,2025-09-22T04:37:54+05:30,"{""offer_stipend"": 12000}"
AUD-17-CERT,CERT_GENERATED,Certificate,17,System,0,2025-09-19T14:23:54+05:30,"{""hash"": ""00137e850b986fa2""}"
AUD-562-APPLY,APPLY,Application,562,Student,158,2025-07-27T01:45:54+05:30,"{""internship_id"": 29}"
AUD-563-APPLY,APPLY,Application,563,Student,158,2025-09-01T13:19:54+05:30,"{""internship_id"": 5}"
AUD-564-APPLY,APPLY,Application,564,Student,158,2025-08-16T20:04:54+05:30,"{""internship_id"": 11}"
AUD-76-OFFER,OFFER,Offer,76,HR,2,2025-09-09T14:38:54+05:30,"{""offer_stipend"": 7000}"
AUD-565-APPLY,APPLY,Application,565,Student,158,2025-07-12T07:49:54+05:30,"{""internship_id"": 17}"
AUD-566-APPLY,APPLY,Application,566,Student,159,2025-07-15T12:01:54+05:30,"{""internship_id"": 9}"
AUD-567-APPLY,APPLY,Application,567,Student,159,2025-08-23T00:58:54+05:30,"{""internship_id"": 6}"
AUD-568-APPLY,APPLY,Application,568,Student,159,2025-09-17T06:16:54+05:30,"{""internship_id"": 16}"
AUD-569-APPLY,APPLY,Application,569,Student,159,2025-08-30T11:50:54+05:30,"{""internship_id"": 36}"
AUD-570-APPLY,APPLY,Application,570,Student,159,2025-07-31T15:50:54+05:30,"{""internship_id"": 15}"
AUD-571-APPLY,APPLY,Application,571,Student,160,2025-09-01T21:53:54+05:30,"{""internship_id"": 8}"
AUD-572-APPLY,APPLY,Application,572,Student,160,2025-08-05T17:06:54+05:30,"{""internship_id"": 3}"
