interview_id,application_id,round,scheduled_at,mode,interviewer,status,outcome,meeting_link,room
1,1,1,2025-09-04T19:38:54+05:30,Online,Anil Kumar,Completed,Pass,https://meet.example/1,C-303
2,1,2,2025-09-24T18:08:54+05:30,Online,Ritu Singh,Scheduled,Pending,https://meet.example/2,
3,3,1,2025-09-08T08:27:54+05:30,Offline,Lakshya Kumar,Scheduled,Pending,https://meet.example/3,
4,3,2,2025-09-06T10:03:54+05:30,Offline,Kavita Sharma,Completed,Fail,https://meet.example/4,C-303
5,5,1,2025-09-02T04:38:54+05:30,Online,Veda Choudhary,Completed,Fail,https://meet.example/5,B-202
6,5,2,2025-09-17T09:20:54+05:30,Offline,Kavita Patel,Scheduled,Pending,https://meet.example/6,C-303
7,6,1,2025-09-03T15:38:54+05:30,Online,Varun Agarwal,Scheduled,Pending,https://meet.example/7,C-303
8,7,1,2025-09-10T01:00:54+05:30,Offline,Geeta Agarwal,Scheduled,Pending,https://meet.example/8,B-202
9,7,2,2025-09-11T20:00:54+05:30,Online,Geeta Agarwal,Scheduled,Pending,https://meet.example/9,A-101
10,8,1,2025-09-17T04:43:54+05:30,Online,Sindhu Agarwal,Completed,Fail,https://meet.example/10,C-303
11,8,2,2025-09-23T09:25:54+05:30,Online,Tarun Jain,Scheduled,Pending,https://meet.example/11,B-202
12,12,1,2025-09-27T16:53:54+05:30,Offline,Sunita Verma,Scheduled,Pending,https://meet.example/12,A-101
13,12,2,2025-09-25T00:19:54+05:30,Offline,Surya Yalamanchi,Completed,Fail,https://meet.example/13,B-202
14,12,3,2025-09-16T02:35:54+05:30,Online,Sravya Yalamanchi,Completed,Fail,https://meet.example/14,
15,13,1,2025-09-06T00:03:54+05:30,Online,Anil Kumar,Scheduled,Pending,https://meet.example/15,B-202
16,16,1,2025-09-23T15:19:54+05:30,Offline,Surya Yalamanchi,Completed,Pass,https://meet.example/16,A-101
17,16,2,2025-09-19T05:55:54+05:30,Online,Kavita Patel,Scheduled,Pending,https://meet.example/17,A-101
18,17,1,2025-09-26T18:57:54+05:30,Online,Varun Agarwal,Scheduled,Pending,https://meet.example/18,
19,19,1,2025-09-25T07:41:54+05:30,Offline,Sravya Yalamanchi,Scheduled,Pending,https://meet.example/19,B-202
20,20,1,2025-09-20T04:11:54+05:30,Offline,Tarun Jain,Completed,Pass,https://meet.example/20,C-303
21,20,2,2025-09-25T18:14:54+05:30,Online,Mahesh Yadav,Scheduled,Pending,https://meet.example/21,B-202
22,22,1,2025-09-18T07:52:54+05:30,Online,Ritu Singh,Completed,Fail,https://meet.example/22,C-303
23,23,1,2025-09-03T21:44:54+05:30,Offline,Varun Agarwal,Scheduled,Pending,https://meet.example/23,B-202
24,23,2,2025-09-26T03:04:54+05:30,Offline,Sravya Yalamanchi,Completed,Pass,https://meet.example/24,C-303
25,24,1,2025-09-10T17:54:54+05:30,Offline,Sindhu Shekhawat,Scheduled,Pending,https://meet.example/25,
26,24,2,2025-09-12T18:50:54+05:30,Online,Lakshya Kumar,Completed,Fail,https://meet.example/26,B-202
27,24,3,2025-09-08T06:39:54+05:30,Offline,Veda Verma,Scheduled,Pending,https://meet.example/27,B-202
28,26,1,2025-09-02T18:30:54+05:30,Offline,Sindhu Agarwal,Scheduled,Pending,https://meet.example/28,B-202
29,32,1,2025-09-16T08:33:54+05:30,Online,Kavita Sharma,Completed,Fail,https://meet.example/29,B-202
30,32,2,2025-09-27T02:23:54+05:30,Offline,Sindhu Shekhawat,Completed,Pass,https://meet.example/30,C-303
31,34,1,2025-08-30T13:33:54+05:30,Offline,Kavita Sharma,Scheduled,Pending,https://meet.example/31,A-101
32,34,2,2025-09-20T04:48:54+05:30,Offline,Anil Kumar,Completed,Fail,https://meet.example/32,
33,34,3,2025-09-20T10:41:54+05:30,Online,Sravya Yalamanchi,Scheduled,Pending,https://meet.example/33,A-101
34,37,1,2025-09-07T22:29:54+05:30,Online,Sravya Yalamanchi,Scheduled,Pending,https://meet.example/34,C-303
35,37,2,2025-09-13T11:51:54+05:30,Online,Tarun Jain,Scheduled,Pending,https://meet.example/35,C-303
36,39,1,2025-09-07T06:10:54+05:30,Online,Akhil Naidu,Scheduled,Pending,https://meet.example/36,A-101
37,43,1,2025-09-25T03:35:54+05:30,Offline,Harsha Bansal,Completed,Pass,https://meet.example/37,B-202
38,43,2,2025-09-17T20:10:54+05:30,Online,Tarun Jain,Scheduled,Pending,https://meet.example/38,B-202
39,43,3,2025-09-27T23:44:54+05:30,Online,Sunita Jat,Scheduled,Pending,https://meet.example/39,C-303
40,44,1,2025-08-31T08:32:54+05:30,Online,Anil Kumar,Completed,Fail,https://meet.example/40,
41,44,2,2025-09-03T21:14:54+05:30,Offline,Amit Verma,Completed,Fail,https://meet.example/41,A-101
42,44,3,2025-09-23T15:38:54+05:30,Offline,Veda Verma,Scheduled,Pending,https://meet.example/42,A-101
43,46,1,2025-09-08T19:25:54+05:30,Offline,Veda Choudhary,Scheduled,Pending,https://meet.example/43,A-101
44,46,2,2025-09-26T10:06:54+05:30,Online,Ananya Meena,Scheduled,Pending,https://meet.example/44,C-303
45,49,1,2025-09-06T05:53:54+05:30,Offline,Tarun Jain,Scheduled,Pending,https://meet.example/45,
46,49,2,2025-09-03T19:54:54+05:30,Offline,Ritu Singh,Completed,Pass,https://meet.example/46,C-303
47,49,3,2025-09-23T12:26:54+05:30,Offline,Sunita Jat,Scheduled,Pending,https://meet.example/47,B-202
48,50,1,2025-09-02T09:27:54+05:30,Online,Anil Kumar,Scheduled,Pending,https://meet.example/48,A-101
49,51,1,2025-09-11T15:03:54+05:30,Online,Mahesh Yadav,Completed,Fail,https://meet.example/49,C-303
50,51,2,2025-09-20T21:10:54+05:30,Offline,Surya Yalamanchi,Completed,Fail,https://meet.example/50,A-101
51,51,3,2025-09-18T00:27:54+05:30,Online,Anil Kumar,Scheduled,Pending,https://meet.example/51,B-202
52,56,1,2025-09-08T20:57:54+05:30,Offline,Mahesh Yadav,Completed,Fail,https://meet.example/52,
53,56,2,2025-09-19T16:07:54+05:30,Online,Kavita Sharma,Completed,Pass,https://meet.example/53,B-202
54,56,3,2025-09-04T16:38:54+05:30,Online,Lakshya Kumar,Scheduled,Pending,https://meet.example/54,B-202
55,57,1,2025-09-05T19:49:54+05:30,Offline,Sravya Yalamanchi,Completed,Fail,https://meet.example/55,B-202
56,57,2,2025-09-03T21:51:54+05:30,Offline,Veda Choudhary,Completed,Fail,https://meet.example/56,C-303
57,57,3,2025-09-12T02:10:54+05:30,Offline,Sravya Yalamanchi,Completed,Fail,https://meet.example/57,C-303
58,59,1,2025-08-30T14:38:54+05:30,Offline,Geeta Agarwal,Completed,Fail,https://meet.example/58,B-202
59,60,1,2025-09-27T12:44:54+05:30,Offline,Harsha Bansal,Completed,Pass,https://meet.example/59,A-101
60,60,2,2025-09-21T03:53:54+05:30,Offline,Akhil Naidu,Completed,Fail,https://meet.example/60,C-303
61,60,3,2025-09-04T17:32:54+05:30,Offline,Sravya Meena,Scheduled,Pending,https://meet.example/61,B-202
62,62,1,2025-09-16T08:35:54+05:30,Online,Sunita Jat,Scheduled,Pending,https://meet.example/62,
63,63,1,2025-09-28T00:31:54+05:30,Offline,Sunita Verma,Completed,Fail,https://meet.example/63,
64,63,2,2025-08-30T06:43:54+05:30,Offline,Sunita Verma,Scheduled,Pending,https://meet.example/64,A-101
65,63,3,2025-08-30T16:30:54+05:30,Online,Surya Yalamanchi,Scheduled,Pending,https://meet.example/65,A-101
66,71,1,2025-09-04T03:30:54+05:30,Offline,Harsha Bansal,Scheduled,Pending,https://meet.example/66,B-202
67,72,1,2025-09-19T23:57:54+05:30,Online,Sindhu Agarwal,Scheduled,Pending,https://meet.example/67,C-303
68,74,1,2025-09-10T09:49:54+05:30,Offline,Tarun Jain,Completed,Fail,https://meet.example/68,B-202
69,74,2,2025-09-21T10:38:54+05:30,Offline,Anil Kumar,Completed,Pass,https://meet.example/69,
70,74,3,2025-09-10T03:30:54+05:30,Online,Amit Verma,Completed,Fail,https://meet.example/70,
71,77,1,2025-09-22T15:39:54+05:30,Offline,Varun Agarwal,Completed,Fail,https://meet.example/71,A-101
72,77,2,2025-09-24T22:11:54+05:30,Offline,Veda Choudhary,Completed,Pass,https://meet.example/72,A-101
73,80,1,2025-09-26T09:23:54+05:30,Online,Amit Verma,Scheduled,Pending,https://meet.example/73,B-202
74,81,1,2025-09-13T11:22:54+05:30,Offline,Harsha Bansal,Scheduled,Pending,https://meet.example/74,
75,84,1,2025-09-24T02:20:54+05:30,Online,Mahesh Yadav,Completed,Fail,https://meet.example/75,C-303
76,85,1,2025-09-19T04:44:54+05:30,Offline,Lakshya Kumar,Scheduled,Pending,https://meet.example/76,
77,85,2,2025-09-12T00:33:54+05:30,Online,Anil Kumar,Scheduled,Pending,https://meet.example/77,C-303
78,86,1,2025-09-02T04:55:54+05:30,Online,Sravya Yalamanchi,Scheduled,Pending,https://meet.example/78,C-303
79,86,2,2025-09-06T11:04:54+05:30,Offline,Sunita Verma,Scheduled,Pending,https://meet.example/79,
80,88,1,2025-09-22T21:52:54+05:30,Offline,Sravya Meena,Scheduled,Pending,https://meet.example/80,C-303
81,88,2,2025-09-23T21:27:54+05:30,Offline,Anil Kumar,Scheduled,Pending,https://meet.example/81,A-101
82,89,1,2025-08-31T04:20:54+05:30,Online,Veda Choudhary,Scheduled,Pending,https://meet.example/82,A-101
83,93,1,2025-09-11T04:50:54+05:30,Online,Sravya Meena,Scheduled,Pending,https://meet.example/83,B-202
84,93,2,2025-09-25T00:56:54+05:30,Online,Lakshya Kumar,Completed,Pass,https://meet.example/84,B-202
85,93,3,2025-09-27T19:39:54+05:30,Offline,Sravya Meena,Scheduled,Pending,https://meet.example/85,
86,95,1,2025-09-16T13:32:54+05:30,Online,Varun Agarwal,Scheduled,Pending,https://meet.example/86,A-101
87,100,1,2025-08-30T07:41:54+05:30,Online,Kavita Patel,Completed,Fail,https://meet.example/87,A-101
88,100,2,2025-09-07T12:19:54+05:30,Online,Kavita Sharma,Scheduled,Pending,https://meet.example/88,A-101
89,100,3,2025-09-24T11:05:54+05:30,Offline,Veda Verma,Completed,Pass,https://meet.example/89,C-303
90,101,1,2025-09-14T13:08:54+05:30,Offline,Amit Verma,Scheduled,Pending,https://meet.example/90,B-202
91,102,1,2025-09-28T13:38:54+05:30,Offline,Geeta Agarwal,Completed,Pass,https://meet.example/91,
92,102,2,2025-08-30T11:29:54+05:30,Online,Kavita Sharma,Completed,Fail,https://meet.example/92,A-101
93,102,3,2025-09-17T09:24:54+05:30,Offline,Sindhu Shekhawat,Scheduled,Pending,https://meet.example/93,A-101
94,104,1,2025-09-21T00:31:54+05:30,Online,Sravya Yalamanchi,Completed,Fail,https://meet.example/94,C-303
95,104,2,2025-09-15T14:37:54+05:30,Offline,Veda Choudhary,Completed,Fail,https://meet.example/95,A-101
96,104,3,2025-08-31T18:33:54+05:30,Online,Mahesh Yadav,Completed,Pass,https://meet.example/96,
97,107,1,2025-09-13T04:05:54+05:30,Offline,Akhil Naidu,Completed,Pass,https://meet.example/97,
98,107,2,2025-09-12T09:20:54+05:30,Offline,Lakshya Kumar,Scheduled,Pending,https://meet.example/98,B-202
99,110,1,2025-09-16T15:17:54+05:30,Offline,Surya Yalamanchi,Completed,Pass,https://meet.example/99,
100,110,2,2025-09-04T14:59:54+05:30,Online,Varun Agarwal,Scheduled,Pending,https://meet.example/100,
101,111,1,2025-09-25T12:09:54+05:30,Offline,Kavita Sharma,Scheduled,Pending,https://meet.example/101,A-101
102,111,2,2025-09-08T15:25:54+05:30,Offline,Ananya Meena,Scheduled,Pending,https://meet.example/102,B-202
103,113,1,2025-09-01T08:56:54+05:30,Online,Sindhu Shekhawat,Completed,Pass,https://meet.example/103,C-303
104,113,2,2025-09-26T11:02:54+05:30,Offline,Akhil Naidu,Scheduled,Pending,https://meet.example/104,A-101
105,113,3,2025-09-22T07:02:54+05:30,Offline,Sindhu Shekhawat,Completed,Fail,https://meet.example/105,C-303
106,114,1,2025-09-11T15:17:54+05:30,Offline,Lakshya Kumar,Scheduled,Pending,https://meet.example/106,C-303
107,114,2,2025-09-20T19:28:54+05:30,Offline,Veda Choudhary,Completed,Fail,https://meet.example/107,
108,114,3,2025-09-25T20:06:54+05:30,Offline,Varun Agarwal,Scheduled,Pending,https://meet.example/108,C-303
109,118,1,2025-09-15T15:24:54+05:30,Online,Varun Agarwal,Completed,Fail,https://meet.example/109,B-202
110,118,2,2025-09-27T23:25:54+05:30,Online,Sindhu Agarwal,Scheduled,Pending,https://meet.example/110,
111,119,1,2025-09-15T16:44:54+05:30,Online,Sravya Yalamanchi,Scheduled,Pending,https://meet.example/111,B-202
112,119,2,2025-09-20T18:07:54+05:30,Online,Surya Yalamanchi,Scheduled,Pending,https://meet.example/112,A-101
113,120,1,2025-09-26T11:24:54+05:30,Offline,Sravya Meena,Completed,Fail,https://meet.example/113,A-101
114,120,2,2025-08-30T21:39:54+05:30,Offline,Akhil Naidu,Scheduled,Pending,https://meet.example/114,C-303
115,120,3,2025-09-14T14:22:54+05:30,Online,Sunita Verma,Scheduled,Pending,https://meet.example/115,C-303
116,121,1,2025-09-24T14:53:54+05:30,Online,Harsha Bansal,Scheduled,Pending,https://meet.example/116,B-202
117,124,1,2025-09-22T22:17:54+05:30,Online,Geeta Agarwal,Completed,Fail,https://meet.example/117,C-303
118,124,2,2025-09-21T11:15:54+05:30,Online,Surya Yalamanchi,Scheduled,Pending,https://meet.example/118,
119,126,1,2025-09-02T21:29:54+05:30,Offline,Tarun Jain,Completed,Fail,https://meet.example/119,
120,126,2,2025-09-28T10:09:54+05:30,Offline,Sindhu Shekhawat,Scheduled,Pending,https://meet.example/120,
121,127,1,2025-09-12T13:45:54+05:30,Offline,Sunita Jat,Scheduled,Pending,https://meet.example/121,A-101
122,127,2,2025-08-31T14:02:54+05:30,Online,Sunita Jat,Scheduled,Pending,https://meet.example/122,B-202
123,127,3,2025-08-31T18:54:54+05:30,Offline,Kavita Sharma,Scheduled,Pending,https://meet.example/123,C-303
124,133,1,2025-09-21T17:01:54+05:30,Offline,Sunita Verma,Completed,Pass,https://meet.example/124,B-202
125,135,1,2025-09-19T13:13:54+05:30,Offline,Amit Verma,Scheduled,Pending,https://meet.example/125,A-101
126,136,1,2025-09-11T16:28:54+05:30,Offline,Surya Yalamanchi,Scheduled,Pending,https://meet.example/126,
127,136,2,2025-09-08T02:05:54+05:30,Offline,Akhil Naidu,Scheduled,Pending,https://meet.example/127,
128,137,1,2025-09-20T10:19:54+05:30,Offline,Harsha Bansal,Scheduled,Pending,https://meet.example/128,B-202
129,137,2,2025-09-16T19:40:54+05:30,Online,Veda Verma,Completed,Pass,https://meet.example/129,A-101
130,137,3,2025-09-05T12:22:54+05:30,Offline,Amit Verma,Scheduled,Pending,https://meet.example/130,A-101
131,138,1,2025-09-17T21:19:54+05:30,Offline,Akhil Naidu,Scheduled,Pending,https://meet.example/131,A-101
132,138,2,2025-09-20T13:16:54+05:30,Offline,Veda Verma,Completed,Fail,https://meet.example/132,A-101
133,140,1,2025-09-09T15:44:54+05:30,Online,Sindhu Agarwal,Completed,Pass,https://meet.example/133,C-303
134,140,2,2025-09-27T12:48:54+05:30,Offline,Sunita Jat,Scheduled,Pending,https://meet.example/134,C-303
135,141,1,2025-09-14T01:18:54+05:30,Online,Lakshya Kumar,Scheduled,Pending,https://meet.example/135,B-202
136,141,2,2025-09-04T08:23:54+05:30,Online,Sunita Jat,Scheduled,Pending,https://meet.example/136,A-101
137,141,3,2025-09-18T15:32:54+05:30,Offline,Ananya Meena,Scheduled,Pending,https://meet.example/137,B-202
138,142,1,2025-09-27T09:41:54+05:30,Online,Kavita Patel,Scheduled,Pending,https://meet.example/138,C-303
139,142,2,2025-09-02T10:22:54+05:30,Online,Ananya Meena,Scheduled,Pending,https://meet.example/139,A-101
140,145,1,2025-09-11T15:53:54+05:30,Online,Harsha Bansal,Completed,Pass,https://meet.example/140,C-303
141,145,2,2025-09-12T12:01:54+05:30,Online,Sindhu Agarwal,Completed,Pass,https://meet.example/141,
142,145,3,2025-09-23T20:20:54+05:30,Offline,Kavita Patel,Completed,Fail,https://meet.example/142,C-303
143,146,1,2025-09-22T21:30:54+05:30,Online,Amit Verma,Scheduled,Pending,https://meet.example/143,B-202
144,146,2,2025-09-24T05:29:54+05:30,Online,Harsha Bansal,Scheduled,Pending,https://meet.example/144,A-101
145,146,3,2025-08-31T22:53:54+05:30,Offline,Lakshya Kumar,Scheduled,Pending,https://meet.example/145,B-202
146,148,1,2025-09-12T17:58:54+05:30,Offline,Amit Verma,Scheduled,Pending,https://meet.example/146,
147,150,1,2025-09-06T19:11:54+05:30,Online,Harsha Bansal,Completed,Fail,https://meet.example/147,B-202
148,150,2,2025-09-01T20:22:54+05:30,Online,Lakshya Kumar,Scheduled,Pending,https://meet.example/148,A-101
149,152,1,2025-08-31T06:04:54+05:30,Offline,Sindhu Shekhawat,Scheduled,Pending,https://meet.example/149,
150,152,2,2025-09-11T22:55:54+05:30,Online,Harsha Bansal,Scheduled,Pending,https://meet.example/150,
151,152,3,2025-09-24T22:56:54+05:30,Offline,Ananya Meena,Scheduled,Pending,https://meet.example/151,
152,153,1,2025-09-09T01:07:54+05:30,Offline,Sindhu Agarwal,Completed,Fail,https://meet.example/152,A-101
153,153,2,2025-09-03T07:08:54+05:30,Online,Veda Verma,Scheduled,Pending,https://meet.example/153,A-101
154,155,1,2025-09-04T20:55:54+05:30,Online,Geeta Agarwal,Scheduled,Pending,https://meet.example/154,C-303
155,155,2,2025-09-19T12:12:54+05:30,Offline,Sravya Yalamanchi,Scheduled,Pending,https://meet.example/155,B-202
156,161,1,2025-09-27T00:11:54+05:30,Online,Kavita Patel,Scheduled,Pending,https://meet.example/156,A-101
157,161,2,2025-09-27T21:13:54+05:30,Online,Ananya Meena,Completed,Fail,https://meet.example/157,A-101
158,161,3,2025-09-05T16:29:54+05:30,Online,Sindhu Agarwal,Completed,Pass,https://meet.example/158,B-202
159,162,1,2025-09-15T03:58:54+05:30,Offline,Geeta Agarwal,Completed,Fail,https://meet.example/159,A-101
160,162,2,2025-08-31T07:44:54+05:30,Offline,Anil Kumar,Scheduled,Pending,https://meet.example/160,A-101
161,163,1,2025-09-18T00:21:54+05:30,Offline,Sindhu Shekhawat,Scheduled,Pending,https://meet.example/161,A-101
162,163,2,2025-09-01T12:48:54+05:30,Offline,Sindhu Shekhawat,Scheduled,Pending,https://meet.example/162,C-303
163,163,3,2025-09-21T21:49:54+05:30,Online,Tarun Jain,Scheduled,Pending,https://meet.example/163,A-101
164,167,1,2025-09-22T04:48:54+05:30,Online,Varun Agarwal,Scheduled,Pending,https://meet.example/164,A-101
165,167,2,2025-09-24T20:18:54+05:30,Online,Varun Agarwal,Scheduled,Pending,https://meet.example/165,
166,167,3,2025-09-18T12:26:54+05:30,Offline,Kavita Sharma,Scheduled,Pending,https://meet.example/166,B-202
167,168,1,2025-09-15T12:03:54+05:30,Online,Harsha Bansal,Scheduled,Pending,https://meet.example/167,C-303
168,169,1,2025-09-06T04:13:54+05:30,Online,Anil Kumar,Completed,Fail,https://meet.example/168,
169,169,2,2025-09-27T13:58:54+05:30,Online,Akhil Naidu,Scheduled,Pending,https://meet.example/169,B-202
170,169,3,2025-09-27T08:24:54+05:30,Offline,Tarun Jain,Scheduled,Pending,https://meet.example/170,
171,170,1,2025-09-19T14:58:54+05:30,Offline,Akhil Naidu,Scheduled,Pending,https://meet.example/171,A-101
172,171,1,2025-09-14T16:46:54+05:30,Online,Amit Verma,Completed,Pass,https://meet.example/172,C-303
173,171,2,2025-09-01T20:40:54+05:30,Online,Sindhu Shekhawat,Completed,Fail,https://meet.example/173,A-101
174,171,3,2025-09-13T18:04:54+05:30,Online,Ananya Meena,Scheduled,Pending,https://meet.example/174,
175,172,1,2025-09-07T13:25:54+05:30,Offline,Amit Verma,Completed,Pass,https://meet.example/175,B-202
176,172,2,2025-09-14T06:03:54+05:30,Online,Kavita Patel,Scheduled,Pending,https://meet.example/176,C-303
177,176,1,2025-09-11T08:01:54+05:30,Offline,Amit Verma,Completed,Fail,https://meet.example/177,
178,176,2,2025-09-21T23:58:54+05:30,Online,Kavita Sharma,Scheduled,Pending,https://meet.example/178,A-101
179,177,1,2025-09-03T10:38:54+05:30,Online,Mahesh Yadav,Scheduled,Pending,https://meet.example/179,C-303
180,181,1,2025-09-19T12:49:54+05:30,Online,Tarun Jain,Scheduled,Pending,https://meet.example/180,B-202
181,181,2,2025-09-15T00:56:54+05:30,Offline,Kavita Patel,Scheduled,Pending,https://meet.example/181,B-202
182,181,3,2025-09-09T00:11:54+05:30,Offline,Sunita Jat,Scheduled,Pending,https://meet.example/182,A-101
183,183,1,2025-09-03T17:09:54+05:30,Offline,Sunita Verma,Scheduled,Pending,https://meet.example/183,B-202
184,184,1,2025-09-04T20:13:54+05:30,Online,Tarun Jain,Completed,Pass,https://meet.example/184,B-202
185,184,2,2025-09-20T10:43:54+05:30,Online,Anil Kumar,Scheduled,Pending,https://meet.example/185,A-101
186,185,1,2025-09-13T21:41:54+05:30,Offline,Ritu Singh,Scheduled,Pending,https://meet.example/186,C-303
187,185,2,2025-09-11T14:05:54+05:30,Online,Veda Choudhary,Completed,Fail,https://meet.example/187,
188,185,3,2025-09-28T05:22:54+05:30,Offline,Akhil Naidu,Scheduled,Pending,https://meet.example/188,B-202
189,188,1,2025-09-03T03:06:54+05:30,Online,Ananya Meena,Scheduled,Pending,https://meet.example/189,A-101
190,188,2,2025-09-08T23:27:54+05:30,Offline,Akhil Naidu,Scheduled,Pending,https://meet.example/190,
191,192,1,2025-09-16T07:55:54+05:30,Offline,Veda Verma,Completed,Fail,https://meet.example/191,C-303
192,192,2,2025-09-23T21:52:54+05:30,Online,Varun Agarwal,Scheduled,Pending,https://meet.example/192,C-303
193,196,1,2025-09-03T11:26:54+05:30,Online,Akhil Naidu,Completed,Fail,https://meet.example/193,C-303
194,196,2,2025-09-28T06:07:54+05:30,Online,Surya Yalamanchi,Scheduled,Pending,https://meet.example/194,A-101
195,197,1,2025-09-24T05:01:54+05:30,Online,Mahesh Yadav,Scheduled,Pending,https://meet.example/195,C-303
196,198,1,2025-09-17T11:55:54+05:30,Offline,Lakshya Kumar,Scheduled,Pending,https://meet.example/196,C-303
197,200,1,2025-09-16T07:32:54+05:30,Online,Kavita Patel,Completed,Fail,https://meet.example/197,
198,200,2,2025-08-30T09:56:54+05:30,Online,Ritu Singh,Scheduled,Pending,https://meet.example/198,C-303
199,200,3,2025-08-30T09:48:54+05:30,Online,Mahesh Yadav,Scheduled,Pending,https://meet.example/199,
200,203,1,2025-09-17T08:24:54+05:30,Offline,Sindhu Agarwal,Scheduled,Pending,https://meet.example/200,B-202
201,204,1,2025-08-31T18:58:54+05:30,Online,Mahesh Yadav,Scheduled,Pending,https://meet.example/201,B-202
202,204,2,2025-09-05T01:33:54+05:30,Online,Lakshya Kumar,Scheduled,Pending,https://meet.example/202,C-303
203,205,1,2025-09-18T23:54:54+05:30,Online,Tarun Jain,Completed,Fail,https://meet.example/203,C-303
204,205,2,2025-09-04T16:21:54+05:30,Online,Surya Yalamanchi,Scheduled,Pending,https://meet.example/204,
205,207,1,2025-09-16T20:37:54+05:30,Online,Surya Yalamanchi,Completed,Fail,https://meet.example/205,
206,207,2,2025-09-28T07:15:54+05:30,Online,Varun Agarwal,Completed,Fail,https://meet.example/206,C-303
207,207,3,2025-09-02T05:58:54+05:30,Offline,Sunita Jat,Scheduled,Pending,https://meet.example/207,C-303
208,209,1,2025-09-11T15:52:54+05:30,Online,Sravya Meena,Scheduled,Pending,https://meet.example/208,
209,209,2,2025-09-07T11:46:54+05:30,Online,Surya Yalamanchi,Scheduled,Pending,https://meet.example/209,A-101
210,209,3,2025-09-24T03:02:54+05:30,Online,Harsha Bansal,Completed,Pass,https://meet.example/210,A-101
211,211,1,2025-09-01T13:15:54+05:30,Online,Amit Verma,Completed,Pass,https://meet.example/211,
212,211,2,2025-09-14T22:31:54+05:30,Offline,Tarun Jain,Completed,Fail,https://meet.example/212,C-303
213,211,3,2025-09-02T19:45:54+05:30,Online,Sindhu Shekhawat,Scheduled,Pending,https://meet.example/213,
214,212,1,2025-09-03T05:08:54+05:30,Online,Sindhu Agarwal,Scheduled,Pending,https://meet.example/214,B-202
215,213,1,2025-09-14T18:46:54+05:30,Online,Sravya Meena,Completed,Pass,https://meet.example/215,A-101
216,213,2,2025-09-18T08:47:54+05:30,Online,Ananya Meena,Scheduled,Pending,https://meet.example/216,C-303
217,213,3,2025-08-31T10:38:54+05:30,Online,Veda Choudhary,Scheduled,Pending,https://meet.example/217,C-303
218,215,1,2025-09-04T20:16:54+05:30,Offline,Mahesh Yadav,Completed,Pass,https://meet.example/218,C-303
219,216,1,2025-09-12T20:19:54+05:30,Online,Sunita Verma,Completed,Fail,https://meet.example/219,A-101
220,216,2,2025-09-28T07:08:54+05:30,Offline,Sunita Verma,Completed,Fail,https://meet.example/220,B-202
221,216,3,2025-09-12T20:43:54+05:30,Offline,Kavita Sharma,Scheduled,Pending,https://meet.example/221,A-101
222,218,1,2025-09-18T00:06:54+05:30,Offline,Mahesh Yadav,Completed,Pass,https://meet.example/222,C-303
223,218,2,2025-09-06T16:39:54+05:30,Offline,Lakshya Kumar,Scheduled,Pending,https://meet.example/223,C-303
224,220,1,2025-09-02T19:45:54+05:30,Offline,Ananya Meena,Scheduled,Pending,https://meet.example/224,
225,225,1,2025-09-10T21:02:54+05:30,Online,Tarun Jain,Scheduled,Pending,https://meet.example/225,
226,226,1,2025-09-13T01:46:54+05:30,Online,Sindhu Agarwal,Scheduled,Pending,https://meet.example/226,A-101
227,226,2,2025-09-07T09:52:54+05:30,Offline,Veda Verma,Scheduled,Pending,https://meet.example/227,B-202
228,226,3,2025-09-27T12:26:54+05:30,Offline,Kavita Patel,Scheduled,Pending,https://meet.example/228,B-202
229,231,1,2025-09-19T12:10:54+05:30,Online,Veda Choudhary,Completed,Pass,https://meet.example/229,
230,231,2,2025-09-13T00:22:54+05:30,Offline,Veda Choudhary,Completed,Pass,https://meet.example/230,B-202
231,232,1,2025-09-05T05:11:54+05:30,Offline,Harsha Bansal,Scheduled,Pending,https://meet.example/231,C-303
232,233,1,2025-09-10T21:36:54+05:30,Online,Sindhu Shekhawat,Scheduled,Pending,https://meet.example/232,A-101
233,233,2,2025-09-08T07:54:54+05:30,Online,Surya Yalamanchi,Scheduled,Pending,https://meet.example/233,B-202
234,234,1,2025-09-25T13:26:54+05:30,Offline,Sindhu Shekhawat,Completed,Pass,https://meet.example/234,A-101
235,234,2,2025-09-23T19:48:54+05:30,Online,Veda Choudhary,Scheduled,Pending,https://meet.example/235,
236,237,1,2025-09-19T13:00:54+05:30,Offline,Kavita Sharma,Completed,Pass,https://meet.example/236,C-303
237,237,2,2025-09-14T09:54:54+05:30,Online,Sindhu Agarwal,Scheduled,Pending,https://meet.example/237,A-101
238,241,1,2025-09-28T16:17:54+05:30,Offline,Geeta Agarwal,Completed,Pass,https://meet.example/238,A-101
239,241,2,2025-09-10T02:55:54+05:30,Offline,Lakshya Kumar,Completed,Pass,https://meet.example/239,
240,244,1,2025-09-02T09:53:54+05:30,Offline,Sindhu Shekhawat,Scheduled,Pending,https://meet.example/240,C-303
241,244,2,2025-09-06T19:56:54+05:30,Online,Harsha Bansal,Scheduled,Pending,https://meet.example/241,A-101
242,245,1,2025-09-10T23:57:54+05:30,Online,Mahesh Yadav,Scheduled,Pending,https://meet.example/242,A-101
243,246,1,2025-09-18T15:30:54+05:30,Offline,Veda Verma,Completed,Fail,https://meet.example/243,C-303
244,246,2,2025-09-03T06:58:54+05:30,Offline,Akhil Naidu,Scheduled,Pending,https://meet.example/244,A-101
245,247,1,2025-09-15T17:26:54+05:30,Offline,Ritu Singh,Scheduled,Pending,https://meet.example/245,B-202
246,248,1,2025-09-13T13:51:54+05:30,Online,Sravya Yalamanchi,Completed,Fail,https://meet.example/246,A-101
247,249,1,2025-09-26T04:05:54+05:30,Online,Akhil Naidu,Scheduled,Pending,https://meet.example/247,
248,253,1,2025-09-19T06:46:54+05:30,Online,Sunita Jat,Scheduled,Pending,https://meet.example/248,A-101
249,254,1,2025-09-21T23:38:54+05:30,Online,Sunita Verma,Completed,Fail,https://meet.example/249,A-101
250,254,2,2025-09-11T12:36:54+05:30,Offline,Sravya Yalamanchi,Scheduled,Pending,https://meet.example/250,
251,255,1,2025-09-12T02:30:54+05:30,Online,Kavita Sharma,Completed,Fail,https://meet.example/251,A-101
252,255,2,2025-09-15T11:12:54+05:30,Offline,Ritu Singh,Scheduled,Pending,https://meet.example/252,B-202
253,258,1,2025-09-01T15:07:54+05:30,Online,Harsha Bansal,Completed,Pass,https://meet.example/253,C-303
254,258,2,2025-09-05T14:37:54+05:30,Offline,Ritu Singh,Scheduled,Pending,https://meet.example/254,B-202
255,260,1,2025-09-09T22:53:54+05:30,Online,Mahesh Yadav,Completed,Fail,https://meet.example/255,
256,260,2,2025-09-21T05:03:54+05:30,Online,Sravya Meena,Completed,Fail,https://meet.example/256,B-202
257,265,1,2025-08-31T03:51:54+05:30,Offline,Kavita Patel,Scheduled,Pending,https://meet.example/257,C-303
258,268,1,2025-09-24T13:27:54+05:30,Online,Surya Yalamanchi,Scheduled,Pending,https://meet.example/258,B-202
259,268,2,2025-09-01T01:56:54+05:30,Online,Veda Verma,Completed,Pass,https://meet.example/259,
260,268,3,2025-09-23T08:32:54+05:30,Online,Lakshya Kumar,Scheduled,Pending,https://meet.example/260,B-202
261,270,1,2025-09-17T05:33:54+05:30,Offline,Veda Verma,Scheduled,Pending,https://meet.example/261,
262,272,1,2025-09-16T20:43:54+05:30,Offline,Sunita Jat,Completed,Pass,https://meet.example/262,C-303
263,272,2,2025-09-19T00:53:54+05:30,Offline,Mahesh Yadav,Scheduled,Pending,https://meet.example/263,C-303
264,272,3,2025-09-17T19:30:54+05:30,Offline,Kavita Patel,Scheduled,Pending,https://meet.example/264,A-101
265,273,1,2025-09-02T20:40:54+05:30,Online,Sravya Meena,Scheduled,Pending,https://meet.example/265,C-303
266,274,1,2025-09-14T18:58:54+05:30,Online,Veda Verma,Scheduled,Pending,https://meet.example/266,A-101
267,278,1,2025-09-10T18:32:54+05:30,Offline,Sravya Yalamanchi,Completed,Pass,https://meet.example/267,A-101
268,278,2,2025-09-12T20:06:54+05:30,Online,Kavita Sharma,Completed,Fail,https://meet.example/268,C-303
269,278,3,2025-08-30T17:22:54+05:30,Offline,Veda Choudhary,Scheduled,Pending,https://meet.example/269,
270,279,1,2025-09-26T16:50:54+05:30,Offline,Sravya Yalamanchi,Completed,Pass,https://meet.example/270,A-101
271,279,2,2025-09-17T21:06:54+05:30,Offline,Lakshya Kumar,Completed,Fail,https://meet.example/271,B-202
272,279,3,2025-09-12T04:43:54+05:30,Online,Anil Kumar,Scheduled,Pending,https://meet.example/272,A-101
273,283,1,2025-09-10T14:29:54+05:30,Online,Mahesh Yadav,Completed,Fail,https://meet.example/273,
274,283,2,2025-09-27T03:26:54+05:30,Offline,Tarun Jain,Scheduled,Pending,https://meet.example/274,
275,289,1,2025-09-06T22:35:54+05:30,Offline,Veda Verma,Scheduled,Pending,https://meet.example/275,B-202
276,289,2,2025-09-15T18:51:54+05:30,Online,Sravya Yalamanchi,Scheduled,Pending,https://meet.example/276,C-303
277,298,1,2025-09-20T13:51:54+05:30,Online,Veda Verma,Completed,Fail,https://meet.example/277,C-303
278,298,2,2025-09-13T09:37:54+05:30,Offline,Sindhu Agarwal,Scheduled,Pending,https://meet.example/278,C-303
279,298,3,2025-09-12T16:26:54+05:30,Online,Mahesh Yadav,Scheduled,Pending,https://meet.example/279,C-303
280,299,1,2025-09-09T06:51:54+05:30,Online,Varun Agarwal,Scheduled,Pending,https://meet.example/280,
281,299,2,2025-09-07T18:01:54+05:30,Offline,Sravya Meena,Completed,Pass,https://meet.example/281,B-202
282,299,3,2025-09-01T23:17:54+05:30,Offline,Sindhu Shekhawat,Completed,Pass,https://meet.example/282,C-303
283,301,1,2025-09-21T01:20:54+05:30,Offline,Harsha Bansal,Scheduled,Pending,https://meet.example/283,B-202
284,304,1,2025-09-21T13:31:54+05:30,Online,Anil Kumar,Completed,Fail,https://meet.example/284,B-202
285,304,2,2025-09-22T20:02:54+05:30,Online,Lakshya Kumar,Scheduled,Pending,https://meet.example/285,B-202
286,304,3,2025-09-13T01:08:54+05:30,Online,Sunita Jat,Scheduled,Pending,https://meet.example/286,C-303
287,305,1,2025-09-25T10:08:54+05:30,Offline,Geeta Agarwal,Scheduled,Pending,https://meet.example/287,
288,305,2,2025-09-10T14:59:54+05:30,Offline,Kavita Sharma,Scheduled,Pending,https://meet.example/288,A-101
289,305,3,2025-08-31T14:22:54+05:30,Offline,Surya Yalamanchi,Scheduled,Pending,https://meet.example/289,C-303
290,306,1,2025-09-02T06:49:54+05:30,Offline,Tarun Jain,Completed,Fail,https://meet.example/290,C-303
291,306,2,2025-09-09T11:52:54+05:30,Online,Varun Agarwal,Scheduled,Pending,https://meet.example/291,C-303
292,306,3,2025-09-23T09:44:54+05:30,Offline,Tarun Jain,Scheduled,Pending,https://meet.example/292,C-303
293,307,1,2025-09-27T20:07:54+05:30,Offline,Varun Agarwal,Completed,Pass,https://meet.example/293,B-202
294,307,2,2025-09-08T09:17:54+05:30,Offline,Harsha Bansal,Scheduled,Pending,https://meet.example/294,B-202
295,307,3,2025-09-07T20:26:54+05:30,Online,Sunita Verma,Scheduled,Pending,https://meet.example/295,A-101
296,308,1,2025-09-21T19:24:54+05:30,Offline,Sunita Jat,Scheduled,Pending,https://meet.example/296,A-101
297,311,1,2025-09-21T15:36:54+05:30,Offline,Kavita Sharma,Completed,Pass,https://meet.example/297,
298,311,2,2025-09-09T18:37:54+05:30,Online,Kavita Patel,Completed,Fail,https://meet.example/298,A-101
299,311,3,2025-08-30T22:17:54+05:30,Online,Harsha Bansal,Scheduled,Pending,https://meet.example/299,C-303
300,312,1,2025-09-02T07:23:54+05:30,Offline,Sindhu Agarwal,Completed,Fail,https://meet.example/300,A-101
301,312,2,2025-09-05T15:17:54+05:30,Online,Veda Choudhary,Scheduled,Pending,https://meet.example/301,
302,314,1,2025-09-14T07:44:54+05:30,Online,Sunita Verma,Completed,Fail,https://meet.example/302,A-101
303,314,2,2025-09-05T08:26:54+05:30,Offline,Varun Agarwal,Completed,Pass,https://meet.example/303,A-101
304,314,3,2025-09-07T12:42:54+05:30,Online,Kavita Patel,Scheduled,Pending,https://meet.example/304,A-101
305,320,1,2025-09-26T13:07:54+05:30,Offline,Sunita Verma,Scheduled,Pending,https://meet.example/305,B-202
306,320,2,2025-09-21T00:11:54+05:30,Offline,Veda Choudhary,Scheduled,Pending,https://meet.example/306,C-303
307,320,3,2025-09-12T02:17:54+05:30,Offline,Veda Choudhary,Scheduled,Pending,https://meet.example/307,A-101
308,322,1,2025-09-11T19:47:54+05:30,Online,Amit Verma,Scheduled,Pending,https://meet.example/308,A-101
309,322,2,2025-09-23T18:41:54+05:30,Online,Sunita Jat,Scheduled,Pending,https://meet.example/309,B-202
310,322,3,2025-09-26T07:00:54+05:30,Offline,Amit Verma,Scheduled,Pending,https://meet.example/310,B-202
311,327,1,2025-09-17T06:09:54+05:30,Online,Sindhu Agarwal,Completed,Pass,https://meet.example/311,A-101
312,327,2,2025-09-04T07:39:54+05:30,Online,Ananya Meena,Scheduled,Pending,https://meet.example/312,A-101
313,329,1,2025-09-16T13:47:54+05:30,Online,Sunita Jat,Completed,Fail,https://meet.example/313,
314,329,2,2025-09-09T04:02:54+05:30,Online,Sindhu Shekhawat,Completed,Fail,https://meet.example/314,C-303
315,333,1,2025-09-01T05:06:54+05:30,Online,Sindhu Shekhawat,Completed,Pass,https://meet.example/315,B-202
316,333,2,2025-09-11T09:57:54+05:30,Offline,Ananya Meena,Completed,Pass,https://meet.example/316,C-303
317,333,3,2025-09-24T16:29:54+05:30,Online,Mahesh Yadav,Scheduled,Pending,https://meet.example/317,A-101
318,336,1,2025-09-09T03:52:54+05:30,Offline,Geeta Agarwal,Completed,Fail,https://meet.example/318,C-303
319,336,2,2025-09-26T17:55:54+05:30,Offline,Amit Verma,Scheduled,Pending,https://meet.example/319,A-101
320,338,1,2025-09-06T17:06:54+05:30,Online,Veda Choudhary,Completed,Pass,https://meet.example/320,C-303
321,338,2,2025-09-27T01:10:54+05:30,Offline,Ritu Singh,Completed,Pass,https://meet.example/321,
322,339,1,2025-09-05T15:54:54+05:30,Online,Sunita Verma,Scheduled,Pending,https://meet.example/322,C-303
323,341,1,2025-09-23T02:48:54+05:30,Online,Kavita Patel,Scheduled,Pending,https://meet.example/323,A-101
324,342,1,2025-09-07T03:17:54+05:30,Online,Amit Verma,Scheduled,Pending,https://meet.example/324,B-202
325,343,1,2025-09-26T04:21:54+05:30,Offline,Veda Verma,Scheduled,Pending,https://meet.example/325,
326,343,2,2025-09-12T19:46:54+05:30,Offline,Tarun Jain,Scheduled,Pending,https://meet.example/326,
327,344,1,2025-09-11T08:00:54+05:30,Offline,Veda Verma,Scheduled,Pending,https://meet.example/327,B-202
328,345,1,2025-09-08T16:38:54+05:30,Online,Sunita Verma,Scheduled,Pending,https://meet.example/328,C-303
329,345,2,2025-09-20T02:19:54+05:30,Online,Lakshya Kumar,Scheduled,Pending,https://meet.example/329,B-202
330,346,1,2025-09-13T17:56:54+05:30,Offline,Geeta Agarwal,Scheduled,Pending,https://meet.example/330,C-303
331,347,1,2025-09-21T11:09:54+05:30,Online,Geeta Agarwal,Scheduled,Pending,https://meet.example/331,A-101
332,347,2,2025-09-13T17:13:54+05:30,Online,Amit Verma,Scheduled,Pending,https://meet.example/332,A-101
333,348,1,2025-09-10T04:07:54+05:30,Offline,Veda Verma,Completed,Pass,https://meet.example/333,A-101
334,348,2,2025-08-31T15:02:54+05:30,Online,Geeta Agarwal,Completed,Pass,https://meet.example/334,
335,348,3,2025-09-03T23:21:54+05:30,Offline,Geeta Agarwal,Scheduled,Pending,https://meet.example/335,
336,350,1,2025-09-04T14:10:54+05:30,Online,Sravya Yalamanchi,Scheduled,Pending,https://meet.example/336,C-303
337,350,2,2025-09-22T19:13:54+05:30,Online,Ananya Meena,Scheduled,Pending,https://meet.example/337,B-202
338,350,3,2025-09-06T21:24:54+05:30,Online,Kavita Patel,Scheduled,Pending,https://meet.example/338,B-202
339,351,1,2025-08-30T06:39:54+05:30,Online,Geeta Agarwal,Scheduled,Pending,https://meet.example/339,A-101
340,351,2,2025-09-03T22:25:54+05:30,Offline,Varun Agarwal,Scheduled,Pending,https://meet.example/340,C-303
341,357,1,2025-09-10T17:39:54+05:30,Offline,Surya Yalamanchi,Scheduled,Pending,https://meet.example/341,
342,357,2,2025-09-12T10:48:54+05:30,Online,Harsha Bansal,Completed,Pass,https://meet.example/342,A-101
343,357,3,2025-09-05T18:08:54+05:30,Offline,Sindhu Agarwal,Scheduled,Pending,https://meet.example/343,C-303
344,358,1,2025-09-12T15:09:54+05:30,Offline,Anil Kumar,Completed,Pass,https://meet.example/344,C-303
345,358,2,2025-09-21T17:00:54+05:30,Online,Akhil Naidu,Scheduled,Pending,https://meet.example/345,B-202
346,358,3,2025-09-11T22:19:54+05:30,Online,Anil Kumar,Scheduled,Pending,https://meet.example/346,
347,360,1,2025-09-09T23:42:54+05:30,Online,Akhil Naidu,Scheduled,Pending,https://meet.example/347,C-303
348,360,2,2025-09-02T20:23:54+05:30,Online,Mahesh Yadav,Completed,Fail,https://meet.example/348,A-101
349,360,3,2025-09-15T07:58:54+05:30,Offline,Sunita Jat,Scheduled,Pending,https://meet.example/349,C-303
350,362,1,2025-09-19T00:36:54+05:30,Online,Sunita Jat,Scheduled,Pending,https://meet.example/350,A-101
351,362,2,2025-09-15T20:04:54+05:30,Offline,Veda Choudhary,Scheduled,Pending,https://meet.example/351,C-303
352,364,1,2025-09-20T00:39:54+05:30,Online,Anil Kumar,Completed,Fail,https://meet.example/352,
353,364,2,2025-09-12T23:40:54+05:30,Offline,Surya Yalamanchi,Scheduled,Pending,https://meet.example/353,B-202
354,365,1,2025-09-14T17:16:54+05:30,Offline,Akhil Naidu,Scheduled,Pending,https://meet.example/354,A-101
355,368,1,2025-09-21T01:51:54+05:30,Offline,Varun Agarwal,Scheduled,Pending,https://meet.example/355,A-101
356,368,2,2025-09-27T20:37:54+05:30,Online,Veda Choudhary,Scheduled,Pending,https://meet.example/356,
357,369,1,2025-09-24T20:35:54+05:30,Offline,Geeta Agarwal,Completed,Pass,https://meet.example/357,B-202
358,369,2,2025-08-30T04:00:54+05:30,Offline,Veda Choudhary,Completed,Pass,https://meet.example/358,
359,369,3,2025-08-31T10:22:54+05:30,Online,Varun Agarwal,Scheduled,Pending,https://meet.example/359,A-101
360,370,1,2025-09-26T17:17:54+05:30,Offline,Anil Kumar,Scheduled,Pending,https://meet.example/360,B-202
361,370,2,2025-09-24T12:19:54+05:30,Online,Kavita Sharma,Completed,Pass,https://meet.example/361,
362,370,3,2025-09-15T13:17:54+05:30,Offline,Surya Yalamanchi,Scheduled,Pending,https://meet.example/362,
363,373,1,2025-09-14T00:42:54+05:30,Online,Sindhu Shekhawat,Scheduled,Pending,https://meet.example/363,C-303
364,374,1,2025-09-01T16:41:54+05:30,Offline,Kavita Patel,Scheduled,Pending,https://meet.example/364,C-303
365,374,2,2025-09-19T04:22:54+05:30,Offline,Akhil Naidu,Completed,Fail,https://meet.example/365,C-303
366,374,3,2025-09-18T11:22:54+05:30,Offline,Sravya Meena,Scheduled,Pending,https://meet.example/366,C-303
367,377,1,2025-09-02T06:44:54+05:30,Offline,Surya Yalamanchi,Completed,Fail,https://meet.example/367,
368,381,1,2025-09-24T23:14:54+05:30,Online,Kavita Patel,Scheduled,Pending,https://meet.example/368,
369,382,1,2025-09-03T04:01:54+05:30,Offline,Veda Verma,Completed,Pass,https://meet.example/369,C-303
370,382,2,2025-08-30T00:38:54+05:30,Online,Kavita Sharma,Scheduled,Pending,https://meet.example/370,A-101
371,383,1,2025-09-04T11:15:54+05:30,Offline,Harsha Bansal,Completed,Pass,https://meet.example/371,A-101
372,383,2,2025-09-21T13:20:54+05:30,Online,Harsha Bansal,Scheduled,Pending,https://meet.example/372,C-303
373,384,1,2025-09-06T21:01:54+05:30,Offline,Amit Verma,Scheduled,Pending,https://meet.example/373,
374,385,1,2025-09-24T01:58:54+05:30,Online,Sravya Meena,Scheduled,Pending,https://meet.example/374,C-303
375,385,2,2025-09-02T13:13:54+05:30,Offline,Surya Yalamanchi,Scheduled,Pending,https://meet.example/375,A-101
376,385,3,2025-09-07T00:10:54+05:30,Offline,Sindhu Agarwal,Scheduled,Pending,https://meet.example/376,B-202
377,390,1,2025-09-23T21:11:54+05:30,Offline,Veda Verma,Scheduled,Pending,https://meet.example/377,C-303
378,391,1,2025-09-17T20:01:54+05:30,Online,Sindhu Agarwal,Completed,Fail,https://meet.example/378,A-101
379,391,2,2025-09-13T23:42:54+05:30,Offline,Sravya Yalamanchi,Scheduled,Pending,https://meet.example/379,A-101
380,393,1,2025-09-03T04:36:54+05:30,Offline,Geeta Agarwal,Completed,Fail,https://meet.example/380,C-303
381,393,2,2025-09-11T02:15:54+05:30,Offline,Kavita Patel,Scheduled,Pending,https://meet.example/381,
382,394,1,2025-09-14T19:30:54+05:30,Offline,Veda Verma,Scheduled,Pending,https://meet.example/382,C-303
383,394,2,2025-09-10T09:55:54+05:30,Offline,Sindhu Shekhawat,Completed,Fail,https://meet.example/383,
384,395,1,2025-09-19T15:57:54+05:30,Online,Anil Kumar,Scheduled,Pending,https://meet.example/384,A-101
385,397,1,2025-09-25T21:38:54+05:30,Online,Geeta Agarwal,Completed,Pass,https://meet.example/385,A-101
386,397,2,2025-09-21T17:50:54+05:30,Online,Sunita Jat,Completed,Fail,https://meet.example/386,
387,397,3,2025-09-12T01:25:54+05:30,Online,Sravya Meena,Scheduled,Pending,https://meet.example/387,C-303
388,400,1,2025-09-13T02:32:54+05:30,Offline,Anil Kumar,Scheduled,Pending,https://meet.example/388,
389,400,2,2025-09-09T01:51:54+05:30,Online,Veda Verma,Scheduled,Pending,https://meet.example/389,
390,401,1,2025-09-28T18:52:54+05:30,Offline,Veda Verma,Scheduled,Pending,https://meet.example/390,B-202
391,404,1,2025-09-09T23:46:54+05:30,Online,Amit Verma,Scheduled,Pending,https://meet.example/391,A-101
392,407,1,2025-09-20T20:31:54+05:30,Offline,Veda Verma,Scheduled,Pending,https://meet.example/392,
393,410,1,2025-08-31T09:56:54+05:30,Offline,Veda Verma,Completed,Fail,https://meet.example/393,A-101
394,412,1,2025-09-16T03:18:54+05:30,Online,Geeta Agarwal,Scheduled,Pending,https://meet.example/394,B-202
395,412,2,2025-09-25T10:10:54+05:30,Online,Harsha Bansal,Scheduled,Pending,https://meet.example/395,
396,412,3,2025-09-23T13:55:54+05:30,Offline,Ananya Meena,Scheduled,Pending,https://meet.example/396,A-101
397,413,1,2025-09-21T05:02:54+05:30,Online,Surya Yalamanchi,Scheduled,Pending,https://meet.example/397,A-101
398,413,2,2025-09-07T21:41:54+05:30,Offline,Surya Yalamanchi,Completed,Fail,https://meet.example/398,C-303
399,413,3,2025-08-30T18:32:54+05:30,Online,Akhil Naidu,Completed,Fail,https://meet.example/399,A-101
400,416,1,2025-09-16T15:12:54+05:30,Offline,Sravya Meena,Completed,Fail,https://meet.example/400,A-101
401,416,2,2025-09-20T21:53:54+05:30,Offline,Ananya Meena,Scheduled,Pending,https://meet.example/401,
402,416,3,2025-09-09T20:47:54+05:30,Offline,Tarun Jain,Completed,Pass,https://meet.example/402,
403,417,1,2025-09-22T03:33:54+05:30,Offline,Sravya Yalamanchi,Completed,Fail,https://meet.example/403,C-303
404,417,2,2025-08-31T17:12:54+05:30,Offline,Ritu Singh,Completed,Fail,https://meet.example/404,
405,420,1,2025-09-22T13:09:54+05:30,Offline,Kavita Sharma,Completed,Pass,https://meet.example/405,B-202
406,420,2,2025-09-12T23:56:54+05:30,Offline,Sravya Meena,Scheduled,Pending,https://meet.example/406,
407,426,1,2025-09-14T08:53:54+05:30,Online,Sunita Jat,Completed,Fail,https://meet.example/407,B-202
408,426,2,2025-09-28T03:21:54+05:30,Online,Kavita Sharma,Scheduled,Pending,https://meet.example/408,B-202
409,429,1,2025-09-06T01:31:54+05:30,Online,Anil Kumar,Scheduled,Pending,https://meet.example/409,
410,429,2,2025-09-01T04:11:54+05:30,Online,Sindhu Agarwal,Completed,Fail,https://meet.example/410,
411,429,3,2025-09-22T22:36:54+05:30,Online,Veda Choudhary,Scheduled,Pending,https://meet.example/411,
412,430,1,2025-09-11T12:44:54+05:30,Offline,Sunita Verma,Completed,Pass,https://meet.example/412,B-202
413,430,2,2025-09-19T02:27:54+05:30,Offline,Sunita Verma,Scheduled,Pending,https://meet.example/413,C-303
414,430,3,2025-09-11T05:44:54+05:30,Online,Veda Choudhary,Scheduled,Pending,https://meet.example/414,C-303
415,433,1,2025-09-28T07:45:54+05:30,Online,Sravya Meena,Scheduled,Pending,https://meet.example/415,C-303
416,433,2,2025-08-31T16:52:54+05:30,Online,Harsha Bansal,Scheduled,Pending,https://meet.example/416,A-101
417,433,3,2025-09-06T04:57:54+05:30,Online,Sravya Meena,Completed,Pass,https://meet.example/417,A-101
418,438,1,2025-09-26T16:41:54+05:30,Offline,Veda Choudhary,Completed,Pass,https://meet.example/418,A-101
419,438,2,2025-09-23T03:03:54+05:30,Offline,Ritu Singh,Scheduled,Pending,https://meet.example/419,B-202
420,440,1,2025-08-30T11:29:54+05:30,Online,Ritu Singh,Scheduled,Pending,https://meet.example/420,A-101
421,441,1,2025-09-21T06:18:54+05:30,Online,Mahesh Yadav,Scheduled,Pending,https://meet.example/421,C-303
422,441,2,2025-09-08T02:39:54+05:30,Offline,Lakshya Kumar,Scheduled,Pending,https://meet.example/422,A-101
423,441,3,2025-09-24T16:01:54+05:30,Offline,Sindhu Agarwal,Scheduled,Pending,https://meet.example/423,
424,442,1,2025-09-15T23:54:54+05:30,Offline,Sravya Yalamanchi,Scheduled,Pending,https://meet.example/424,C-303
425,442,2,2025-09-02T11:06:54+05:30,Online,Ananya Meena,Scheduled,Pending,https://meet.example/425,
426,443,1,2025-09-17T00:28:54+05:30,Offline,Tarun Jain,Completed,Fail,https://meet.example/426,A-101
427,443,2,2025-09-06T22:03:54+05:30,Online,Sunita Verma,Scheduled,Pending,https://meet.example/427,B-202
428,444,1,2025-09-27T14:37:54+05:30,Online,Kavita Sharma,Scheduled,Pending,https://meet.example/428,A-101
429,445,1,2025-09-27T11:15:54+05:30,Online,Sindhu Agarwal,Scheduled,Pending,https://meet.example/429,
430,446,1,2025-09-25T03:15:54+05:30,Online,Lakshya Kumar,Completed,Fail,https://meet.example/430,B-202
431,446,2,2025-09-24T15:19:54+05:30,Offline,Veda Verma,Completed,Pass,https://meet.example/431,B-202
432,446,3,2025-09-06T07:58:54+05:30,Offline,Sravya Meena,Scheduled,Pending,https://meet.example/432,
433,451,1,2025-09-21T08:31:54+05:30,Online,Mahesh Yadav,Scheduled,Pending,https://meet.example/433,C-303
434,451,2,2025-08-31T15:41:54+05:30,Offline,Lakshya Kumar,Scheduled,Pending,https://meet.example/434,B-202
435,451,3,2025-09-09T15:55:54+05:30,Online,Geeta Agarwal,Scheduled,Pending,https://meet.example/435,
436,454,1,2025-09-23T17:28:54+05:30,Online,Ananya Meena,Completed,Pass,https://meet.example/436,A-101
437,454,2,2025-09-08T16:57:54+05:30,Online,Surya Yalamanchi,Scheduled,Pending,https://meet.example/437,
438,457,1,2025-09-23T09:57:54+05:30,Online,Tarun Jain,Scheduled,Pending,https://meet.example/438,B-202
439,457,2,2025-09-22T00:23:54+05:30,Online,Sunita Jat,Scheduled,Pending,https://meet.example/439,C-303
440,457,3,2025-09-15T22:56:54+05:30,Online,Harsha Bansal,Scheduled,Pending,https://meet.example/440,C-303
441,458,1,2025-09-01T19:07:54+05:30,Offline,Surya Yalamanchi,Scheduled,Pending,https://meet.example/441,
442,458,2,2025-09-04T09:29:54+05:30,Offline,Sindhu Shekhawat,Scheduled,Pending,https://meet.example/442,C-303
443,459,1,2025-09-21T05:12:54+05:30,Online,Mahesh Yadav,Scheduled,Pending,https://meet.example/443,A-101
444,459,2,2025-09-25T05:02:54+05:30,Offline,Surya Yalamanchi,Scheduled,Pending,https://meet.example/444,A-101
445,461,1,2025-09-10T05:29:54+05:30,Online,Veda Choudhary,Completed,Pass,https://meet.example/445,A-101
446,461,2,2025-09-09T15:54:54+05:30,Online,Sindhu Agarwal,Completed,Fail,https://meet.example/446,
447,461,3,2025-09-05T21:29:54+05:30,Online,Amit Verma,Scheduled,Pending,https://meet.example/447,
448,463,1,2025-09-17T17:37:54+05:30,Online,Sindhu Shekhawat,Scheduled,Pending,https://meet.example/448,
449,464,1,2025-09-02T14:42:54+05:30,Online,Sravya Meena,Scheduled,Pending,https://meet.example/449,A-101
450,464,2,2025-09-01T07:45:54+05:30,Offline,Sunita Jat,Scheduled,Pending,https://meet.example/450,B-202
451,464,3,2025-09-19T09:46:54+05:30,Online,Sravya Yalamanchi,Scheduled,Pending,https://meet.example/451,A-101
452,465,1,2025-09-07T15:27:54+05:30,Offline,Sunita Verma,Scheduled,Pending,https://meet.example/452,B-202
453,466,1,2025-09-04T07:16:54+05:30,Offline,Geeta Agarwal,Completed,Fail,https://meet.example/453,A-101
454,466,2,2025-09-27T16:31:54+05:30,Offline,Geeta Agarwal,Completed,Pass,https://meet.example/454,B-202
455,466,3,2025-09-18T14:17:54+05:30,Offline,Sindhu Shekhawat,Scheduled,Pending,https://meet.example/455,B-202
456,467,1,2025-09-27T02:22:54+05:30,Online,Tarun Jain,Scheduled,Pending,https://meet.example/456,
457,467,2,2025-09-06T02:59:54+05:30,Offline,Amit Verma,Completed,Fail,https://meet.example/457,A-101
458,472,1,2025-09-05T22:42:54+05:30,Offline,Sindhu Shekhawat,Scheduled,Pending,https://meet.example/458,
459,472,2,2025-09-16T12:11:54+05:30,Online,Sravya Yalamanchi,Scheduled,Pending,https://meet.example/459,C-303
460,473,1,2025-09-06T13:38:54+05:30,Online,Ritu Singh,Completed,Fail,https://meet.example/460,
461,473,2,2025-09-03T01:41:54+05:30,Offline,Veda Verma,Scheduled,Pending,https://meet.example/461,C-303
462,473,3,2025-09-25T23:12:54+05:30,Offline,Sindhu Agarwal,Scheduled,Pending,https://meet.example/462,
463,475,1,2025-09-02T17:26:54+05:30,Online,Lakshya Kumar,Completed,Fail,https://meet.example/463,A-101
464,475,2,2025-09-22T13:35:54+05:30,Offline,Lakshya Kumar,Completed,Fail,https://meet.example/464,C-303
465,475,3,2025-09-04T05:55:54+05:30,Online,Akhil Naidu,Scheduled,Pending,https://meet.example/465,B-202
466,476,1,2025-09-28T03:27:54+05:30,Online,Lakshya Kumar,Completed,Pass,https://meet.example/466,
467,476,2,2025-09-21T23:03:54+05:30,Offline,Tarun Jain,Scheduled,Pending,https://meet.example/467,A-101
468,478,1,2025-09-25T19:54:54+05:30,Online,Sravya Meena,Scheduled,Pending,https://meet.example/468,C-303
469,481,1,2025-09-02T01:22:54+05:30,Offline,Veda Verma,Scheduled,Pending,https://meet.example/469,
470,482,1,2025-08-30T18:10:54+05:30,Offline,Sravya Yalamanchi,Scheduled,Pending,https://meet.example/470,B-202
471,482,2,2025-09-22T16:02:54+05:30,Online,Sindhu Agarwal,Completed,Fail,https://meet.example/471,A-101
472,482,3,2025-09-21T02:15:54+05:30,Offline,Kavita Sharma,Scheduled,Pending,https://meet.example/472,B-202
473,484,1,2025-09-20T01:48:54+05:30,Online,Ritu Singh,Completed,Pass,https://meet.example/473,
474,484,2,2025-09-25T00:15:54+05:30,Online,Ananya Meena,Scheduled,Pending,https://meet.example/474,
475,488,1,2025-09-24T04:28:54+05:30,Offline,Sravya Yalamanchi,Completed,Pass,https://meet.example/475,C-303
476,490,1,2025-09-23T11:01:54+05:30,Offline,Lakshya Kumar,Completed,Pass,https://meet.example/476,C-303
477,490,2,2025-08-30T09:21:54+05:30,Offline,Sindhu Shekhawat,Completed,Pass,https://meet.example/477,A-101
478,490,3,2025-09-09T22:30:54+05:30,Offline,Ananya Meena,Scheduled,Pending,https://meet.example/478,B-202
479,491,1,2025-09-21T13:44:54+05:30,Offline,Lakshya Kumar,Completed,Pass,https://meet.example/479,A-101
480,491,2,2025-09-22T00:39:54+05:30,Online,Tarun Jain,Completed,Pass,https://meet.example/480,C-303
481,491,3,2025-09-18T23:55:54+05:30,Offline,Geeta Agarwal,Scheduled,Pending,https://meet.example/481,C-303
482,492,1,2025-09-11T16:41:54+05:30,Offline,Anil Kumar,Scheduled,Pending,https://meet.example/482,
483,493,1,2025-09-28T07:24:54+05:30,Offline,Sindhu Agarwal,Scheduled,Pending,https://meet.example/483,
484,494,1,2025-09-10T20:06:54+05:30,Offline,Lakshya Kumar,Scheduled,Pending,https://meet.example/484,C-303
485,494,2,2025-09-19T09:28:54+05:30,Online,Varun Agarwal,Completed,Fail,https://meet.example/485,A-101
486,498,1,2025-09-14T06:30:54+05:30,Offline,Sravya Meena,Scheduled,Pending,https://meet.example/486,B-202
487,499,1,2025-09-17T08:25:54+05:30,Offline,Ritu Singh,Completed,Fail,https://meet.example/487,A-101
488,499,2,2025-09-04T11:11:54+05:30,Offline,Sindhu Shekhawat,Scheduled,Pending,https://meet.example/488,A-101
489,499,3,2025-09-20T22:48:54+05:30,Online,Geeta Agarwal,Scheduled,Pending,https://meet.example/489,C-303
490,500,1,2025-09-18T18:18:54+05:30,Offline,Veda Verma,Completed,Fail,https://meet.example/490,
491,500,2,2025-09-22T15:42:54+05:30,Offline,Sravya Meena,Scheduled,Pending,https://meet.example/491,
492,500,3,2025-09-14T13:06:54+05:30,Offline,Akhil Naidu,Scheduled,Pending,https://meet.example/492,A-101
493,504,1,2025-09-01T23:02:54+05:30,Online,Ritu Singh,Scheduled,Pending,https://meet.example/493,
494,504,2,2025-09-24T19:10:54+05:30,Online,Ananya Meena,Scheduled,Pending,https://meet.example/494,B-202
495,505,1,2025-09-11T18:29:54+05:30,Online,Tarun Jain,Completed,Fail,https://meet.example/495,
496,505,2,2025-09-06T21:25:54+05:30,Online,Sindhu Shekhawat,Scheduled,Pending,https://meet.example/496,
497,509,1,2025-09-18T03:13:54+05:30,Offline,Anil Kumar,Completed,Fail,https://meet.example/497,A-101
498,509,2,2025-09-21T02:18:54+05:30,Offline,Lakshya Kumar,Completed,Fail,https://meet.example/498,
499,510,1,2025-09-02T06:59:54+05:30,Online,Geeta Agarwal,Completed,Fail,https://meet.example/499,C-303
500,510,2,2025-09-15T20:45:54+05:30,Offline,Sravya Meena,Scheduled,Pending,https://meet.example/500,
501,510,3,2025-09-06T08:02:54+05:30,Online,Surya Yalamanchi,Scheduled,Pending,https://meet.example/501,B-202
502,512,1,2025-09-11T16:54:54+05:30,Offline,Veda Choudhary,Completed,Fail,https://meet.example/502,A-101
503,512,2,2025-09-21T04:12:54+05:30,Offline,Kavita Patel,Scheduled,Pending,https://meet.example/503,C-303
504,512,3,2025-09-05T07:17:54+05:30,Online,Varun Agarwal,Scheduled,Pending,https://meet.example/504,B-202
505,516,1,2025-09-19T00:35:54+05:30,Online,Veda Verma,Scheduled,Pending,https://meet.example/505,B-202
506,516,2,2025-09-16T11:05:54+05:30,Offline,Veda Choudhary,Scheduled,Pending,https://meet.example/506,B-202
507,516,3,2025-09-12T07:15:54+05:30,Online,Sindhu Agarwal,Scheduled,Pending,https://meet.example/507,
508,519,1,2025-09-07T17:38:54+05:30,Offline,Harsha Bansal,Scheduled,Pending,https://meet.example/508,C-303
509,520,1,2025-09-11T21:10:54+05:30,Offline,Sindhu Shekhawat,Completed,Pass,https://meet.example/509,B-202
510,520,2,2025-09-14T11:48:54+05:30,Offline,Lakshya Kumar,Scheduled,Pending,https://meet.example/510,C-303
511,520,3,2025-09-10T03:36:54+05:30,Offline,Veda Verma,Scheduled,Pending,https://meet.example/511,A-101
512,521,1,2025-08-30T10:19:54+05:30,Offline,Lakshya Kumar,Scheduled,Pending,https://meet.example/512,B-202
513,522,1,2025-09-11T15:45:54+05:30,Offline,Kavita Patel,Completed,Pass,https://meet.example/513,
514,522,2,2025-09-24T14:05:54+05:30,Online,Sunita Jat,Completed,Pass,https://meet.example/514,
515,522,3,2025-09-19T16:50:54+05:30,Offline,Ritu Singh,Scheduled,Pending,https://meet.example/515,A-101
516,526,1,2025-09-13T05:29:54+05:30,Offline,Mahesh Yadav,Scheduled,Pending,https://meet.example/516,C-303
517,526,2,2025-09-15T00:59:54+05:30,Offline,Harsha Bansal,Completed,Fail,https://meet.example/517,
518,526,3,2025-09-24T02:18:54+05:30,Offline,Amit Verma,Scheduled,Pending,https://meet.example/518,A-101
519,528,1,2025-09-15T08:58:54+05:30,Online,Sunita Verma,Completed,Fail,https://meet.example/519,A-101
520,528,2,2025-09-26T09:18:54+05:30,Online,Mahesh Yadav,Completed,Pass,https://meet.example/520,C-303
521,528,3,2025-09-25T22:23:54+05:30,Online,Sunita Jat,Scheduled,Pending,https://meet.example/521,C-303
522,529,1,2025-09-05T15:36:54+05:30,Offline,Sunita Jat,Scheduled,Pending,https://meet.example/522,
523,529,2,2025-09-01T18:29:54+05:30,Online,Sindhu Shekhawat,Scheduled,Pending,https://meet.example/523,C-303
524,529,3,2025-09-20T21:29:54+05:30,Online,Surya Yalamanchi,Scheduled,Pending,https://meet.example/524,A-101
525,530,1,2025-09-12T16:26:54+05:30,Offline,Lakshya Kumar,Scheduled,Pending,https://meet.example/525,A-101
526,530,2,2025-09-06T02:00:54+05:30,Online,Geeta Agarwal,Completed,Pass,https://meet.example/526,B-202
527,531,1,2025-09-04T11:34:54+05:30,Online,Amit Verma,Scheduled,Pending,https://meet.example/527,
528,532,1,2025-09-28T04:03:54+05:30,Online,Veda Choudhary,Scheduled,Pending,https://meet.example/528,A-101
529,534,1,2025-09-14T03:49:54+05:30,Offline,Sravya Yalamanchi,Scheduled,Pending,https://meet.example/529,A-101
530,534,2,2025-09-27T03:19:54+05:30,Offline,Sunita Jat,Completed,Pass,https://meet.example/530,C-303
531,537,1,2025-09-06T15:47:54+05:30,Online,Varun Agarwal,Completed,Fail,https://meet.example/531,A-101
532,537,2,2025-09-06T03:17:54+05:30,Online,Sindhu Agarwal,Completed,Pass,https://meet.example/532,A-101
533,537,3,2025-09-20T14:24:54+05:30,Offline,Surya Yalamanchi,Scheduled,Pending,https://meet.example/533,B-202
534,539,1,2025-09-07T02:03:54+05:30,Offline,Akhil Naidu,Scheduled,Pending,https://meet.example/534,A-101
535,539,2,2025-09-04T14:11:54+05:30,Online,Tarun Jain,Scheduled,Pending,https://meet.example/535,A-101
536,539,3,2025-09-12T22:47:54+05:30,Offline,Sunita Jat,Scheduled,Pending,https://meet.example/536,
537,540,1,2025-09-17T03:29:54+05:30,Online,Sindhu Shekhawat,Completed,Fail,https://meet.example/537,A-101
538,545,1,2025-09-20T20:06:54+05:30,Online,Surya Yalamanchi,Completed,Pass,https://meet.example/538,B-202
539,545,2,2025-09-08T21:33:54+05:30,Offline,Geeta Agarwal,Scheduled,Pending,https://meet.example/539,C-303
540,550,1,2025-08-29T22:22:54+05:30,Offline,Lakshya Kumar,Scheduled,Pending,https://meet.example/540,C-303
541,550,2,2025-09-17T09:56:54+05:30,Offline,Mahesh Yadav,Completed,Fail,https://meet.example/541,
542,550,3,2025-09-24T06:55:54+05:30,Online,Ritu Singh,Scheduled,Pending,https://meet.example/542,
543,552,1,2025-09-08T23:16:54+05:30,Offline,Lakshya Kumar,Scheduled,Pending,https://meet.example/543,A-101
544,553,1,2025-09-27T18:29:54+05:30,Online,Veda Verma,Scheduled,Pending,https://meet.example/544,B-202
545,554,1,2025-09-01T14:25:54+05:30,Offline,Sindhu Shekhawat,Scheduled,Pending,https://meet.example/545,C-303
546,558,1,2025-09-28T04:56:54+05:30,Offline,Amit Verma,Scheduled,Pending,https://meet.example/546,A-101
547,558,2,2025-09-27T04:02:54+05:30,Offline,Ritu Singh,Scheduled,Pending,https://meet.example/547,
548,559,1,2025-09-17T03:53:54+05:30,Online,Lakshya Kumar,Completed,Fail,https://meet.example/548,
549,561,1,2025-09-10T23:21:54+05:30,Online,Mahesh Yadav,Completed,Fail,https://meet.example/549,A-101
550,561,2,2025-09-26T21:03:54+05:30,Offline,Sindhu Agarwal,Scheduled,Pending,https://meet.example/550,B-202
551,564,1,2025-09-06T21:27:54+05:30,Online,Varun Agarwal,Completed,Pass,https://meet.example/551,B-202
552,564,2,2025-09-14T15:36:54+05:30,Offline,Sindhu Agarwal,Scheduled,Pending,https://meet.example/552,B-202
553,565,1,2025-09-18T21:53:54+05:30,Offline,Lakshya Kumar,Scheduled,Pending,https://meet.example/553,B-202
554,565,2,2025-08-31T20:09:54+05:30,Offline,Sravya Yalamanchi,Scheduled,Pending,https://meet.example/554,C-303
555,565,3,2025-09-05T20:49:54+05:30,Offline,Veda Choudhary,Scheduled,Pending,https://meet.example/555,A-101
556,567,1,2025-09-21T09:29:54+05:30,Online,Sravya Yalamanchi,Scheduled,Pending,https://meet.example/556,A-101
557,570,1,2025-09-06T18:35:54+05:30,Online,Harsha Bansal,Scheduled,Pending,https://meet.example/557,
558,571,1,2025-09-16T17:30:54+05:30,Online,Sunita Verma,Scheduled,Pending,https://meet.example/558,
